[2026-08-12T04:31:50.460+0000] {processor.py:186} INFO - Started process (PID=78) to work on /home/airflow/.local/lib/python3.12/site-packages/airflow/example_dags/example_datasets.py
[2026-08-12T04:31:50.463+0000] {processor.py:914} INFO - Processing file /home/airflow/.local/lib/python3.12/site-packages/airflow/example_dags/example_datasets.py for tasks to queue
[2026-08-12T04:31:50.470+0000] {logging_mixin.py:190} INFO - [2026-08-12T04:31:50.469+0000] {dagbag.py:587} INFO - Filling up the DagBag from /home/airflow/.local/lib/python3.12/site-packages/airflow/example_dags/example_datasets.py
[2026-08-12T04:31:50.768+0000] {processor.py:925} INFO - DAG(s) 'dataset_consumes_1_never_scheduled', 'dataset_consumes_1_and_2', 'consume_1_and_2_with_dataset_expressions', 'dataset_produces_1', 'dataset_consumes_unknown_never_scheduled', 'conditional_dataset_and_time_based_timetable', 'dataset_produces_2', 'consume_1_or_both_2_and_3_with_dataset_expressions', 'dataset_consumes_1', 'consume_1_or_2_with_dataset_expressions' retrieved from /home/airflow/.local/lib/python3.12/site-packages/airflow/example_dags/example_datasets.py
[2026-08-12T04:31:50.938+0000] {logging_mixin.py:190} INFO - [2026-08-12T04:31:50.938+0000] {override.py:1858} INFO - Created Permission View: can edit on DAG:dataset_consumes_1_never_scheduled
[2026-08-12T04:31:50.961+0000] {logging_mixin.py:190} INFO - [2026-08-12T04:31:50.961+0000] {override.py:1858} INFO - Created Permission View: can read on DAG:dataset_consumes_1_never_scheduled
[2026-08-12T04:31:50.974+0000] {logging_mixin.py:190} INFO - [2026-08-12T04:31:50.973+0000] {override.py:1858} INFO - Created Permission View: can delete on DAG:dataset_consumes_1_never_scheduled
[2026-08-12T04:31:51.001+0000] {logging_mixin.py:190} INFO - [2026-08-12T04:31:51.000+0000] {override.py:1858} INFO - Created Permission View: can edit on DAG:dataset_consumes_1_and_2
[2026-08-12T04:31:51.010+0000] {logging_mixin.py:190} INFO - [2026-08-12T04:31:51.009+0000] {override.py:1858} INFO - Created Permission View: can read on DAG:dataset_consumes_1_and_2
[2026-08-12T04:31:51.025+0000] {logging_mixin.py:190} INFO - [2026-08-12T04:31:51.024+0000] {override.py:1858} INFO - Created Permission View: can delete on DAG:dataset_consumes_1_and_2
[2026-08-12T04:31:51.061+0000] {logging_mixin.py:190} INFO - [2026-08-12T04:31:51.061+0000] {override.py:1858} INFO - Created Permission View: can edit on DAG:consume_1_and_2_with_dataset_expressions
[2026-08-12T04:31:51.095+0000] {logging_mixin.py:190} INFO - [2026-08-12T04:31:51.095+0000] {override.py:1858} INFO - Created Permission View: can read on DAG:consume_1_and_2_with_dataset_expressions
[2026-08-12T04:31:51.118+0000] {logging_mixin.py:190} INFO - [2026-08-12T04:31:51.117+0000] {override.py:1858} INFO - Created Permission View: can delete on DAG:consume_1_and_2_with_dataset_expressions
[2026-08-12T04:31:51.154+0000] {logging_mixin.py:190} INFO - [2026-08-12T04:31:51.153+0000] {override.py:1858} INFO - Created Permission View: can edit on DAG:dataset_produces_1
[2026-08-12T04:31:51.170+0000] {logging_mixin.py:190} INFO - [2026-08-12T04:31:51.169+0000] {override.py:1858} INFO - Created Permission View: can read on DAG:dataset_produces_1
[2026-08-12T04:31:51.183+0000] {logging_mixin.py:190} INFO - [2026-08-12T04:31:51.183+0000] {override.py:1858} INFO - Created Permission View: can delete on DAG:dataset_produces_1
[2026-08-12T04:31:51.212+0000] {logging_mixin.py:190} INFO - [2026-08-12T04:31:51.211+0000] {override.py:1858} INFO - Created Permission View: can edit on DAG:dataset_consumes_unknown_never_scheduled
[2026-08-12T04:31:51.236+0000] {logging_mixin.py:190} INFO - [2026-08-12T04:31:51.235+0000] {override.py:1858} INFO - Created Permission View: can read on DAG:dataset_consumes_unknown_never_scheduled
[2026-08-12T04:31:51.257+0000] {logging_mixin.py:190} INFO - [2026-08-12T04:31:51.257+0000] {override.py:1858} INFO - Created Permission View: can delete on DAG:dataset_consumes_unknown_never_scheduled
[2026-08-12T04:31:51.290+0000] {logging_mixin.py:190} INFO - [2026-08-12T04:31:51.289+0000] {override.py:1858} INFO - Created Permission View: can edit on DAG:conditional_dataset_and_time_based_timetable
[2026-08-12T04:31:51.305+0000] {logging_mixin.py:190} INFO - [2026-08-12T04:31:51.305+0000] {override.py:1858} INFO - Created Permission View: can read on DAG:conditional_dataset_and_time_based_timetable
[2026-08-12T04:31:51.322+0000] {logging_mixin.py:190} INFO - [2026-08-12T04:31:51.321+0000] {override.py:1858} INFO - Created Permission View: can delete on DAG:conditional_dataset_and_time_based_timetable
[2026-08-12T04:31:51.351+0000] {logging_mixin.py:190} INFO - [2026-08-12T04:31:51.349+0000] {override.py:1858} INFO - Created Permission View: can edit on DAG:dataset_produces_2
[2026-08-12T04:31:51.367+0000] {logging_mixin.py:190} INFO - [2026-08-12T04:31:51.367+0000] {override.py:1858} INFO - Created Permission View: can read on DAG:dataset_produces_2
[2026-08-12T04:31:51.385+0000] {logging_mixin.py:190} INFO - [2026-08-12T04:31:51.384+0000] {override.py:1858} INFO - Created Permission View: can delete on DAG:dataset_produces_2
[2026-08-12T04:31:51.407+0000] {logging_mixin.py:190} INFO - [2026-08-12T04:31:51.407+0000] {override.py:1858} INFO - Created Permission View: can edit on DAG:consume_1_or_both_2_and_3_with_dataset_expressions
[2026-08-12T04:31:51.425+0000] {logging_mixin.py:190} INFO - [2026-08-12T04:31:51.424+0000] {override.py:1858} INFO - Created Permission View: can read on DAG:consume_1_or_both_2_and_3_with_dataset_expressions
[2026-08-12T04:31:51.439+0000] {logging_mixin.py:190} INFO - [2026-08-12T04:31:51.439+0000] {override.py:1858} INFO - Created Permission View: can delete on DAG:consume_1_or_both_2_and_3_with_dataset_expressions
[2026-08-12T04:31:51.468+0000] {logging_mixin.py:190} INFO - [2026-08-12T04:31:51.467+0000] {override.py:1858} INFO - Created Permission View: can edit on DAG:dataset_consumes_1
[2026-08-12T04:31:51.481+0000] {logging_mixin.py:190} INFO - [2026-08-12T04:31:51.480+0000] {override.py:1858} INFO - Created Permission View: can read on DAG:dataset_consumes_1
[2026-08-12T04:31:51.495+0000] {logging_mixin.py:190} INFO - [2026-08-12T04:31:51.495+0000] {override.py:1858} INFO - Created Permission View: can delete on DAG:dataset_consumes_1
[2026-08-12T04:31:51.522+0000] {logging_mixin.py:190} INFO - [2026-08-12T04:31:51.521+0000] {override.py:1858} INFO - Created Permission View: can edit on DAG:consume_1_or_2_with_dataset_expressions
[2026-08-12T04:31:51.538+0000] {logging_mixin.py:190} INFO - [2026-08-12T04:31:51.537+0000] {override.py:1858} INFO - Created Permission View: can read on DAG:consume_1_or_2_with_dataset_expressions
[2026-08-12T04:31:51.553+0000] {logging_mixin.py:190} INFO - [2026-08-12T04:31:51.553+0000] {override.py:1858} INFO - Created Permission View: can delete on DAG:consume_1_or_2_with_dataset_expressions
[2026-08-12T04:31:51.556+0000] {logging_mixin.py:190} INFO - [2026-08-12T04:31:51.556+0000] {dag.py:3211} INFO - Sync 10 DAGs
[2026-08-12T04:31:51.582+0000] {logging_mixin.py:190} INFO - [2026-08-12T04:31:51.581+0000] {dag.py:3234} INFO - Creating ORM DAG for dataset_produces_2
[2026-08-12T04:31:51.585+0000] {logging_mixin.py:190} INFO - [2026-08-12T04:31:51.584+0000] {dag.py:3234} INFO - Creating ORM DAG for consume_1_or_both_2_and_3_with_dataset_expressions
[2026-08-12T04:31:51.589+0000] {logging_mixin.py:190} INFO - [2026-08-12T04:31:51.588+0000] {dag.py:3234} INFO - Creating ORM DAG for dataset_consumes_1_never_scheduled
[2026-08-12T04:31:51.591+0000] {logging_mixin.py:190} INFO - [2026-08-12T04:31:51.590+0000] {dag.py:3234} INFO - Creating ORM DAG for dataset_produces_1
[2026-08-12T04:31:51.592+0000] {logging_mixin.py:190} INFO - [2026-08-12T04:31:51.592+0000] {dag.py:3234} INFO - Creating ORM DAG for dataset_consumes_1_and_2
[2026-08-12T04:31:51.594+0000] {logging_mixin.py:190} INFO - [2026-08-12T04:31:51.594+0000] {dag.py:3234} INFO - Creating ORM DAG for dataset_consumes_unknown_never_scheduled
[2026-08-12T04:31:51.597+0000] {logging_mixin.py:190} INFO - [2026-08-12T04:31:51.597+0000] {dag.py:3234} INFO - Creating ORM DAG for conditional_dataset_and_time_based_timetable
[2026-08-12T04:31:51.602+0000] {logging_mixin.py:190} INFO - [2026-08-12T04:31:51.601+0000] {dag.py:3234} INFO - Creating ORM DAG for consume_1_or_2_with_dataset_expressions
[2026-08-12T04:31:51.605+0000] {logging_mixin.py:190} INFO - [2026-08-12T04:31:51.605+0000] {dag.py:3234} INFO - Creating ORM DAG for consume_1_and_2_with_dataset_expressions
[2026-08-12T04:31:51.608+0000] {logging_mixin.py:190} INFO - [2026-08-12T04:31:51.607+0000] {dag.py:3234} INFO - Creating ORM DAG for dataset_consumes_1
[2026-08-12T04:31:51.634+0000] {logging_mixin.py:190} INFO - [2026-08-12T04:31:51.633+0000] {dag.py:4138} INFO - Setting next_dagrun for conditional_dataset_and_time_based_timetable to 2026-08-12 01:00:00+00:00, run_after=2026-08-12 01:00:00+00:00
[2026-08-12T04:31:51.636+0000] {logging_mixin.py:190} INFO - [2026-08-12T04:31:51.636+0000] {dag.py:4138} INFO - Setting next_dagrun for consume_1_and_2_with_dataset_expressions to None, run_after=None
[2026-08-12T04:31:51.639+0000] {logging_mixin.py:190} INFO - [2026-08-12T04:31:51.639+0000] {dag.py:4138} INFO - Setting next_dagrun for consume_1_or_2_with_dataset_expressions to None, run_after=None
[2026-08-12T04:31:51.643+0000] {logging_mixin.py:190} INFO - [2026-08-12T04:31:51.642+0000] {dag.py:4138} INFO - Setting next_dagrun for consume_1_or_both_2_and_3_with_dataset_expressions to None, run_after=None
[2026-08-12T04:31:51.646+0000] {logging_mixin.py:190} INFO - [2026-08-12T04:31:51.645+0000] {dag.py:4138} INFO - Setting next_dagrun for dataset_consumes_1 to None, run_after=None
[2026-08-12T04:31:51.650+0000] {logging_mixin.py:190} INFO - [2026-08-12T04:31:51.650+0000] {dag.py:4138} INFO - Setting next_dagrun for dataset_consumes_1_and_2 to None, run_after=None
[2026-08-12T04:31:51.653+0000] {logging_mixin.py:190} INFO - [2026-08-12T04:31:51.653+0000] {dag.py:4138} INFO - Setting next_dagrun for dataset_consumes_1_never_scheduled to None, run_after=None
[2026-08-12T04:31:51.657+0000] {logging_mixin.py:190} INFO - [2026-08-12T04:31:51.656+0000] {dag.py:4138} INFO - Setting next_dagrun for dataset_consumes_unknown_never_scheduled to None, run_after=None
[2026-08-12T04:31:51.662+0000] {logging_mixin.py:190} INFO - [2026-08-12T04:31:51.661+0000] {dag.py:4138} INFO - Setting next_dagrun for dataset_produces_1 to 2026-08-11 00:00:00+00:00, run_after=2026-08-12 00:00:00+00:00
[2026-08-12T04:31:51.665+0000] {logging_mixin.py:190} INFO - [2026-08-12T04:31:51.665+0000] {dag.py:4138} INFO - Setting next_dagrun for dataset_produces_2 to None, run_after=None
[2026-08-12T04:31:51.770+0000] {processor.py:208} INFO - Processing /home/airflow/.local/lib/python3.12/site-packages/airflow/example_dags/example_datasets.py took 1.321 seconds
[2026-08-12T04:32:21.863+0000] {processor.py:186} INFO - Started process (PID=142) to work on /home/airflow/.local/lib/python3.12/site-packages/airflow/example_dags/example_datasets.py
[2026-08-12T04:32:21.866+0000] {processor.py:914} INFO - Processing file /home/airflow/.local/lib/python3.12/site-packages/airflow/example_dags/example_datasets.py for tasks to queue
[2026-08-12T04:32:21.869+0000] {logging_mixin.py:190} INFO - [2026-08-12T04:32:21.869+0000] {dagbag.py:587} INFO - Filling up the DagBag from /home/airflow/.local/lib/python3.12/site-packages/airflow/example_dags/example_datasets.py
[2026-08-12T04:32:22.033+0000] {processor.py:925} INFO - DAG(s) 'conditional_dataset_and_time_based_timetable', 'consume_1_and_2_with_dataset_expressions', 'dataset_consumes_unknown_never_scheduled', 'dataset_consumes_1_and_2', 'dataset_consumes_1', 'dataset_produces_1', 'dataset_consumes_1_never_scheduled', 'consume_1_or_both_2_and_3_with_dataset_expressions', 'dataset_produces_2', 'consume_1_or_2_with_dataset_expressions' retrieved from /home/airflow/.local/lib/python3.12/site-packages/airflow/example_dags/example_datasets.py
[2026-08-12T04:32:22.092+0000] {logging_mixin.py:190} INFO - [2026-08-12T04:32:22.091+0000] {dag.py:3211} INFO - Sync 10 DAGs
[2026-08-12T04:32:22.122+0000] {logging_mixin.py:190} INFO - [2026-08-12T04:32:22.121+0000] {dag.py:4138} INFO - Setting next_dagrun for conditional_dataset_and_time_based_timetable to 2026-08-12 01:00:00+00:00, run_after=2026-08-12 01:00:00+00:00
[2026-08-12T04:32:22.129+0000] {logging_mixin.py:190} INFO - [2026-08-12T04:32:22.128+0000] {dag.py:4138} INFO - Setting next_dagrun for consume_1_and_2_with_dataset_expressions to None, run_after=None
[2026-08-12T04:32:22.133+0000] {logging_mixin.py:190} INFO - [2026-08-12T04:32:22.132+0000] {dag.py:4138} INFO - Setting next_dagrun for consume_1_or_2_with_dataset_expressions to None, run_after=None
[2026-08-12T04:32:22.136+0000] {logging_mixin.py:190} INFO - [2026-08-12T04:32:22.135+0000] {dag.py:4138} INFO - Setting next_dagrun for consume_1_or_both_2_and_3_with_dataset_expressions to None, run_after=None
[2026-08-12T04:32:22.138+0000] {logging_mixin.py:190} INFO - [2026-08-12T04:32:22.138+0000] {dag.py:4138} INFO - Setting next_dagrun for dataset_consumes_1 to None, run_after=None
[2026-08-12T04:32:22.140+0000] {logging_mixin.py:190} INFO - [2026-08-12T04:32:22.140+0000] {dag.py:4138} INFO - Setting next_dagrun for dataset_consumes_1_and_2 to None, run_after=None
[2026-08-12T04:32:22.144+0000] {logging_mixin.py:190} INFO - [2026-08-12T04:32:22.143+0000] {dag.py:4138} INFO - Setting next_dagrun for dataset_consumes_1_never_scheduled to None, run_after=None
[2026-08-12T04:32:22.149+0000] {logging_mixin.py:190} INFO - [2026-08-12T04:32:22.149+0000] {dag.py:4138} INFO - Setting next_dagrun for dataset_consumes_unknown_never_scheduled to None, run_after=None
[2026-08-12T04:32:22.154+0000] {logging_mixin.py:190} INFO - [2026-08-12T04:32:22.153+0000] {dag.py:4138} INFO - Setting next_dagrun for dataset_produces_1 to 2026-08-11 00:00:00+00:00, run_after=2026-08-12 00:00:00+00:00
[2026-08-12T04:32:22.157+0000] {logging_mixin.py:190} INFO - [2026-08-12T04:32:22.157+0000] {dag.py:4138} INFO - Setting next_dagrun for dataset_produces_2 to None, run_after=None
[2026-08-12T04:32:22.234+0000] {processor.py:208} INFO - Processing /home/airflow/.local/lib/python3.12/site-packages/airflow/example_dags/example_datasets.py took 0.380 seconds
[2026-08-12T04:32:53.246+0000] {processor.py:186} INFO - Started process (PID=205) to work on /home/airflow/.local/lib/python3.12/site-packages/airflow/example_dags/example_datasets.py
[2026-08-12T04:32:53.249+0000] {processor.py:914} INFO - Processing file /home/airflow/.local/lib/python3.12/site-packages/airflow/example_dags/example_datasets.py for tasks to queue
[2026-08-12T04:32:53.254+0000] {logging_mixin.py:190} INFO - [2026-08-12T04:32:53.253+0000] {dagbag.py:587} INFO - Filling up the DagBag from /home/airflow/.local/lib/python3.12/site-packages/airflow/example_dags/example_datasets.py
[2026-08-12T04:32:53.459+0000] {processor.py:925} INFO - DAG(s) 'dataset_consumes_unknown_never_scheduled', 'dataset_produces_2', 'consume_1_or_both_2_and_3_with_dataset_expressions', 'consume_1_and_2_with_dataset_expressions', 'conditional_dataset_and_time_based_timetable', 'dataset_consumes_1_never_scheduled', 'dataset_produces_1', 'dataset_consumes_1_and_2', 'dataset_consumes_1', 'consume_1_or_2_with_dataset_expressions' retrieved from /home/airflow/.local/lib/python3.12/site-packages/airflow/example_dags/example_datasets.py
[2026-08-12T04:32:53.524+0000] {logging_mixin.py:190} INFO - [2026-08-12T04:32:53.524+0000] {dag.py:3211} INFO - Sync 10 DAGs
[2026-08-12T04:32:53.568+0000] {logging_mixin.py:190} INFO - [2026-08-12T04:32:53.568+0000] {dag.py:4138} INFO - Setting next_dagrun for conditional_dataset_and_time_based_timetable to 2026-08-12 01:00:00+00:00, run_after=2026-08-12 01:00:00+00:00
[2026-08-12T04:32:53.575+0000] {logging_mixin.py:190} INFO - [2026-08-12T04:32:53.574+0000] {dag.py:4138} INFO - Setting next_dagrun for consume_1_and_2_with_dataset_expressions to None, run_after=None
[2026-08-12T04:32:53.581+0000] {logging_mixin.py:190} INFO - [2026-08-12T04:32:53.580+0000] {dag.py:4138} INFO - Setting next_dagrun for consume_1_or_2_with_dataset_expressions to None, run_after=None
[2026-08-12T04:32:53.585+0000] {logging_mixin.py:190} INFO - [2026-08-12T04:32:53.585+0000] {dag.py:4138} INFO - Setting next_dagrun for consume_1_or_both_2_and_3_with_dataset_expressions to None, run_after=None
[2026-08-12T04:32:53.590+0000] {logging_mixin.py:190} INFO - [2026-08-12T04:32:53.590+0000] {dag.py:4138} INFO - Setting next_dagrun for dataset_consumes_1 to None, run_after=None
[2026-08-12T04:32:53.593+0000] {logging_mixin.py:190} INFO - [2026-08-12T04:32:53.593+0000] {dag.py:4138} INFO - Setting next_dagrun for dataset_consumes_1_and_2 to None, run_after=None
[2026-08-12T04:32:53.597+0000] {logging_mixin.py:190} INFO - [2026-08-12T04:32:53.597+0000] {dag.py:4138} INFO - Setting next_dagrun for dataset_consumes_1_never_scheduled to None, run_after=None
[2026-08-12T04:32:53.601+0000] {logging_mixin.py:190} INFO - [2026-08-12T04:32:53.601+0000] {dag.py:4138} INFO - Setting next_dagrun for dataset_consumes_unknown_never_scheduled to None, run_after=None
[2026-08-12T04:32:53.605+0000] {logging_mixin.py:190} INFO - [2026-08-12T04:32:53.605+0000] {dag.py:4138} INFO - Setting next_dagrun for dataset_produces_1 to 2026-08-11 00:00:00+00:00, run_after=2026-08-12 00:00:00+00:00
[2026-08-12T04:32:53.610+0000] {logging_mixin.py:190} INFO - [2026-08-12T04:32:53.609+0000] {dag.py:4138} INFO - Setting next_dagrun for dataset_produces_2 to None, run_after=None
[2026-08-12T04:32:53.686+0000] {processor.py:208} INFO - Processing /home/airflow/.local/lib/python3.12/site-packages/airflow/example_dags/example_datasets.py took 0.449 seconds
[2026-08-12T04:33:24.105+0000] {processor.py:186} INFO - Started process (PID=269) to work on /home/airflow/.local/lib/python3.12/site-packages/airflow/example_dags/example_datasets.py
[2026-08-12T04:33:24.107+0000] {processor.py:914} INFO - Processing file /home/airflow/.local/lib/python3.12/site-packages/airflow/example_dags/example_datasets.py for tasks to queue
[2026-08-12T04:33:24.112+0000] {logging_mixin.py:190} INFO - [2026-08-12T04:33:24.111+0000] {dagbag.py:587} INFO - Filling up the DagBag from /home/airflow/.local/lib/python3.12/site-packages/airflow/example_dags/example_datasets.py
[2026-08-12T04:33:24.424+0000] {processor.py:925} INFO - DAG(s) 'dataset_consumes_1_never_scheduled', 'dataset_produces_1', 'consume_1_and_2_with_dataset_expressions', 'consume_1_or_both_2_and_3_with_dataset_expressions', 'dataset_consumes_1', 'dataset_consumes_1_and_2', 'conditional_dataset_and_time_based_timetable', 'dataset_produces_2', 'consume_1_or_2_with_dataset_expressions', 'dataset_consumes_unknown_never_scheduled' retrieved from /home/airflow/.local/lib/python3.12/site-packages/airflow/example_dags/example_datasets.py
[2026-08-12T04:33:24.514+0000] {logging_mixin.py:190} INFO - [2026-08-12T04:33:24.514+0000] {dag.py:3211} INFO - Sync 10 DAGs
[2026-08-12T04:33:24.560+0000] {logging_mixin.py:190} INFO - [2026-08-12T04:33:24.559+0000] {dag.py:4138} INFO - Setting next_dagrun for conditional_dataset_and_time_based_timetable to 2026-08-12 01:00:00+00:00, run_after=2026-08-12 01:00:00+00:00
[2026-08-12T04:33:24.569+0000] {logging_mixin.py:190} INFO - [2026-08-12T04:33:24.568+0000] {dag.py:4138} INFO - Setting next_dagrun for consume_1_and_2_with_dataset_expressions to None, run_after=None
[2026-08-12T04:33:24.573+0000] {logging_mixin.py:190} INFO - [2026-08-12T04:33:24.572+0000] {dag.py:4138} INFO - Setting next_dagrun for consume_1_or_2_with_dataset_expressions to None, run_after=None
[2026-08-12T04:33:24.576+0000] {logging_mixin.py:190} INFO - [2026-08-12T04:33:24.576+0000] {dag.py:4138} INFO - Setting next_dagrun for consume_1_or_both_2_and_3_with_dataset_expressions to None, run_after=None
[2026-08-12T04:33:24.580+0000] {logging_mixin.py:190} INFO - [2026-08-12T04:33:24.580+0000] {dag.py:4138} INFO - Setting next_dagrun for dataset_consumes_1 to None, run_after=None
[2026-08-12T04:33:24.586+0000] {logging_mixin.py:190} INFO - [2026-08-12T04:33:24.586+0000] {dag.py:4138} INFO - Setting next_dagrun for dataset_consumes_1_and_2 to None, run_after=None
[2026-08-12T04:33:24.591+0000] {logging_mixin.py:190} INFO - [2026-08-12T04:33:24.591+0000] {dag.py:4138} INFO - Setting next_dagrun for dataset_consumes_1_never_scheduled to None, run_after=None
[2026-08-12T04:33:24.595+0000] {logging_mixin.py:190} INFO - [2026-08-12T04:33:24.594+0000] {dag.py:4138} INFO - Setting next_dagrun for dataset_consumes_unknown_never_scheduled to None, run_after=None
[2026-08-12T04:33:24.600+0000] {logging_mixin.py:190} INFO - [2026-08-12T04:33:24.599+0000] {dag.py:4138} INFO - Setting next_dagrun for dataset_produces_1 to 2026-08-11 00:00:00+00:00, run_after=2026-08-12 00:00:00+00:00
[2026-08-12T04:33:24.602+0000] {logging_mixin.py:190} INFO - [2026-08-12T04:33:24.602+0000] {dag.py:4138} INFO - Setting next_dagrun for dataset_produces_2 to None, run_after=None
[2026-08-12T04:33:24.659+0000] {processor.py:208} INFO - Processing /home/airflow/.local/lib/python3.12/site-packages/airflow/example_dags/example_datasets.py took 0.566 seconds
[2026-08-12T04:33:55.357+0000] {processor.py:186} INFO - Started process (PID=338) to work on /home/airflow/.local/lib/python3.12/site-packages/airflow/example_dags/example_datasets.py
[2026-08-12T04:33:55.359+0000] {processor.py:914} INFO - Processing file /home/airflow/.local/lib/python3.12/site-packages/airflow/example_dags/example_datasets.py for tasks to queue
[2026-08-12T04:33:55.363+0000] {logging_mixin.py:190} INFO - [2026-08-12T04:33:55.362+0000] {dagbag.py:587} INFO - Filling up the DagBag from /home/airflow/.local/lib/python3.12/site-packages/airflow/example_dags/example_datasets.py
[2026-08-12T04:33:55.572+0000] {processor.py:925} INFO - DAG(s) 'dataset_produces_2', 'consume_1_or_2_with_dataset_expressions', 'dataset_consumes_1_and_2', 'conditional_dataset_and_time_based_timetable', 'consume_1_and_2_with_dataset_expressions', 'dataset_consumes_1_never_scheduled', 'consume_1_or_both_2_and_3_with_dataset_expressions', 'dataset_produces_1', 'dataset_consumes_unknown_never_scheduled', 'dataset_consumes_1' retrieved from /home/airflow/.local/lib/python3.12/site-packages/airflow/example_dags/example_datasets.py
[2026-08-12T04:33:55.634+0000] {logging_mixin.py:190} INFO - [2026-08-12T04:33:55.633+0000] {dag.py:3211} INFO - Sync 10 DAGs
[2026-08-12T04:33:55.670+0000] {logging_mixin.py:190} INFO - [2026-08-12T04:33:55.670+0000] {dag.py:4138} INFO - Setting next_dagrun for conditional_dataset_and_time_based_timetable to 2026-08-12 01:00:00+00:00, run_after=2026-08-12 01:00:00+00:00
[2026-08-12T04:33:55.676+0000] {logging_mixin.py:190} INFO - [2026-08-12T04:33:55.676+0000] {dag.py:4138} INFO - Setting next_dagrun for consume_1_and_2_with_dataset_expressions to None, run_after=None
[2026-08-12T04:33:55.680+0000] {logging_mixin.py:190} INFO - [2026-08-12T04:33:55.680+0000] {dag.py:4138} INFO - Setting next_dagrun for consume_1_or_2_with_dataset_expressions to None, run_after=None
[2026-08-12T04:33:55.682+0000] {logging_mixin.py:190} INFO - [2026-08-12T04:33:55.682+0000] {dag.py:4138} INFO - Setting next_dagrun for consume_1_or_both_2_and_3_with_dataset_expressions to None, run_after=None
[2026-08-12T04:33:55.687+0000] {logging_mixin.py:190} INFO - [2026-08-12T04:33:55.686+0000] {dag.py:4138} INFO - Setting next_dagrun for dataset_consumes_1 to None, run_after=None
[2026-08-12T04:33:55.690+0000] {logging_mixin.py:190} INFO - [2026-08-12T04:33:55.689+0000] {dag.py:4138} INFO - Setting next_dagrun for dataset_consumes_1_and_2 to None, run_after=None
[2026-08-12T04:33:55.692+0000] {logging_mixin.py:190} INFO - [2026-08-12T04:33:55.692+0000] {dag.py:4138} INFO - Setting next_dagrun for dataset_consumes_1_never_scheduled to None, run_after=None
[2026-08-12T04:33:55.694+0000] {logging_mixin.py:190} INFO - [2026-08-12T04:33:55.694+0000] {dag.py:4138} INFO - Setting next_dagrun for dataset_consumes_unknown_never_scheduled to None, run_after=None
[2026-08-12T04:33:55.698+0000] {logging_mixin.py:190} INFO - [2026-08-12T04:33:55.697+0000] {dag.py:4138} INFO - Setting next_dagrun for dataset_produces_1 to 2026-08-11 00:00:00+00:00, run_after=2026-08-12 00:00:00+00:00
[2026-08-12T04:33:55.702+0000] {logging_mixin.py:190} INFO - [2026-08-12T04:33:55.701+0000] {dag.py:4138} INFO - Setting next_dagrun for dataset_produces_2 to None, run_after=None
[2026-08-12T04:33:55.758+0000] {processor.py:208} INFO - Processing /home/airflow/.local/lib/python3.12/site-packages/airflow/example_dags/example_datasets.py took 0.410 seconds
[2026-08-12T04:34:26.129+0000] {processor.py:186} INFO - Started process (PID=400) to work on /home/airflow/.local/lib/python3.12/site-packages/airflow/example_dags/example_datasets.py
[2026-08-12T04:34:26.135+0000] {processor.py:914} INFO - Processing file /home/airflow/.local/lib/python3.12/site-packages/airflow/example_dags/example_datasets.py for tasks to queue
[2026-08-12T04:34:26.141+0000] {logging_mixin.py:190} INFO - [2026-08-12T04:34:26.141+0000] {dagbag.py:587} INFO - Filling up the DagBag from /home/airflow/.local/lib/python3.12/site-packages/airflow/example_dags/example_datasets.py
[2026-08-12T04:34:26.381+0000] {processor.py:925} INFO - DAG(s) 'conditional_dataset_and_time_based_timetable', 'dataset_consumes_1_and_2', 'dataset_consumes_unknown_never_scheduled', 'dataset_produces_2', 'consume_1_or_2_with_dataset_expressions', 'dataset_consumes_1', 'dataset_produces_1', 'consume_1_or_both_2_and_3_with_dataset_expressions', 'consume_1_and_2_with_dataset_expressions', 'dataset_consumes_1_never_scheduled' retrieved from /home/airflow/.local/lib/python3.12/site-packages/airflow/example_dags/example_datasets.py
[2026-08-12T04:34:26.475+0000] {logging_mixin.py:190} INFO - [2026-08-12T04:34:26.474+0000] {dag.py:3211} INFO - Sync 10 DAGs
[2026-08-12T04:34:26.511+0000] {logging_mixin.py:190} INFO - [2026-08-12T04:34:26.511+0000] {dag.py:4138} INFO - Setting next_dagrun for conditional_dataset_and_time_based_timetable to 2026-08-12 01:00:00+00:00, run_after=2026-08-12 01:00:00+00:00
[2026-08-12T04:34:26.520+0000] {logging_mixin.py:190} INFO - [2026-08-12T04:34:26.519+0000] {dag.py:4138} INFO - Setting next_dagrun for consume_1_and_2_with_dataset_expressions to None, run_after=None
[2026-08-12T04:34:26.523+0000] {logging_mixin.py:190} INFO - [2026-08-12T04:34:26.523+0000] {dag.py:4138} INFO - Setting next_dagrun for consume_1_or_2_with_dataset_expressions to None, run_after=None
[2026-08-12T04:34:26.526+0000] {logging_mixin.py:190} INFO - [2026-08-12T04:34:26.525+0000] {dag.py:4138} INFO - Setting next_dagrun for consume_1_or_both_2_and_3_with_dataset_expressions to None, run_after=None
[2026-08-12T04:34:26.528+0000] {logging_mixin.py:190} INFO - [2026-08-12T04:34:26.528+0000] {dag.py:4138} INFO - Setting next_dagrun for dataset_consumes_1 to None, run_after=None
[2026-08-12T04:34:26.530+0000] {logging_mixin.py:190} INFO - [2026-08-12T04:34:26.530+0000] {dag.py:4138} INFO - Setting next_dagrun for dataset_consumes_1_and_2 to None, run_after=None
[2026-08-12T04:34:26.537+0000] {logging_mixin.py:190} INFO - [2026-08-12T04:34:26.536+0000] {dag.py:4138} INFO - Setting next_dagrun for dataset_consumes_1_never_scheduled to None, run_after=None
[2026-08-12T04:34:26.542+0000] {logging_mixin.py:190} INFO - [2026-08-12T04:34:26.541+0000] {dag.py:4138} INFO - Setting next_dagrun for dataset_consumes_unknown_never_scheduled to None, run_after=None
[2026-08-12T04:34:26.548+0000] {logging_mixin.py:190} INFO - [2026-08-12T04:34:26.547+0000] {dag.py:4138} INFO - Setting next_dagrun for dataset_produces_1 to 2026-08-11 00:00:00+00:00, run_after=2026-08-12 00:00:00+00:00
[2026-08-12T04:34:26.552+0000] {logging_mixin.py:190} INFO - [2026-08-12T04:34:26.552+0000] {dag.py:4138} INFO - Setting next_dagrun for dataset_produces_2 to None, run_after=None
[2026-08-12T04:34:26.638+0000] {processor.py:208} INFO - Processing /home/airflow/.local/lib/python3.12/site-packages/airflow/example_dags/example_datasets.py took 0.519 seconds
[2026-08-12T04:35:54.551+0000] {processor.py:186} INFO - Started process (PID=78) to work on /home/airflow/.local/lib/python3.12/site-packages/airflow/example_dags/example_datasets.py
[2026-08-12T04:35:54.555+0000] {processor.py:914} INFO - Processing file /home/airflow/.local/lib/python3.12/site-packages/airflow/example_dags/example_datasets.py for tasks to queue
[2026-08-12T04:35:54.561+0000] {logging_mixin.py:190} INFO - [2026-08-12T04:35:54.561+0000] {dagbag.py:587} INFO - Filling up the DagBag from /home/airflow/.local/lib/python3.12/site-packages/airflow/example_dags/example_datasets.py
[2026-08-12T04:35:54.910+0000] {processor.py:925} INFO - DAG(s) 'conditional_dataset_and_time_based_timetable', 'consume_1_and_2_with_dataset_expressions', 'dataset_produces_2', 'consume_1_or_2_with_dataset_expressions', 'dataset_consumes_1', 'dataset_consumes_1_never_scheduled', 'dataset_consumes_unknown_never_scheduled', 'consume_1_or_both_2_and_3_with_dataset_expressions', 'dataset_produces_1', 'dataset_consumes_1_and_2' retrieved from /home/airflow/.local/lib/python3.12/site-packages/airflow/example_dags/example_datasets.py
[2026-08-12T04:35:55.025+0000] {logging_mixin.py:190} INFO - [2026-08-12T04:35:55.025+0000] {dag.py:3211} INFO - Sync 10 DAGs
[2026-08-12T04:35:55.102+0000] {logging_mixin.py:190} INFO - [2026-08-12T04:35:55.101+0000] {dag.py:4138} INFO - Setting next_dagrun for conditional_dataset_and_time_based_timetable to 2026-08-12 01:00:00+00:00, run_after=2026-08-12 01:00:00+00:00
[2026-08-12T04:35:55.120+0000] {logging_mixin.py:190} INFO - [2026-08-12T04:35:55.119+0000] {dag.py:4138} INFO - Setting next_dagrun for consume_1_and_2_with_dataset_expressions to None, run_after=None
[2026-08-12T04:35:55.128+0000] {logging_mixin.py:190} INFO - [2026-08-12T04:35:55.125+0000] {dag.py:4138} INFO - Setting next_dagrun for consume_1_or_2_with_dataset_expressions to None, run_after=None
[2026-08-12T04:35:55.143+0000] {logging_mixin.py:190} INFO - [2026-08-12T04:35:55.142+0000] {dag.py:4138} INFO - Setting next_dagrun for consume_1_or_both_2_and_3_with_dataset_expressions to None, run_after=None
[2026-08-12T04:35:55.149+0000] {logging_mixin.py:190} INFO - [2026-08-12T04:35:55.148+0000] {dag.py:4138} INFO - Setting next_dagrun for dataset_consumes_1 to None, run_after=None
[2026-08-12T04:35:55.159+0000] {logging_mixin.py:190} INFO - [2026-08-12T04:35:55.159+0000] {dag.py:4138} INFO - Setting next_dagrun for dataset_consumes_1_and_2 to None, run_after=None
[2026-08-12T04:35:55.167+0000] {logging_mixin.py:190} INFO - [2026-08-12T04:35:55.166+0000] {dag.py:4138} INFO - Setting next_dagrun for dataset_consumes_1_never_scheduled to None, run_after=None
[2026-08-12T04:35:55.190+0000] {logging_mixin.py:190} INFO - [2026-08-12T04:35:55.189+0000] {dag.py:4138} INFO - Setting next_dagrun for dataset_consumes_unknown_never_scheduled to None, run_after=None
[2026-08-12T04:35:55.208+0000] {logging_mixin.py:190} INFO - [2026-08-12T04:35:55.207+0000] {dag.py:4138} INFO - Setting next_dagrun for dataset_produces_1 to 2026-08-11 00:00:00+00:00, run_after=2026-08-12 00:00:00+00:00
[2026-08-12T04:35:55.215+0000] {logging_mixin.py:190} INFO - [2026-08-12T04:35:55.214+0000] {dag.py:4138} INFO - Setting next_dagrun for dataset_produces_2 to None, run_after=None
[2026-08-12T04:35:55.367+0000] {processor.py:208} INFO - Processing /home/airflow/.local/lib/python3.12/site-packages/airflow/example_dags/example_datasets.py took 0.827 seconds
[2026-08-12T04:36:25.510+0000] {processor.py:186} INFO - Started process (PID=141) to work on /home/airflow/.local/lib/python3.12/site-packages/airflow/example_dags/example_datasets.py
[2026-08-12T04:36:25.512+0000] {processor.py:914} INFO - Processing file /home/airflow/.local/lib/python3.12/site-packages/airflow/example_dags/example_datasets.py for tasks to queue
[2026-08-12T04:36:25.516+0000] {logging_mixin.py:190} INFO - [2026-08-12T04:36:25.515+0000] {dagbag.py:587} INFO - Filling up the DagBag from /home/airflow/.local/lib/python3.12/site-packages/airflow/example_dags/example_datasets.py
[2026-08-12T04:36:25.651+0000] {processor.py:925} INFO - DAG(s) 'dataset_consumes_1', 'consume_1_and_2_with_dataset_expressions', 'dataset_consumes_unknown_never_scheduled', 'consume_1_or_both_2_and_3_with_dataset_expressions', 'consume_1_or_2_with_dataset_expressions', 'dataset_produces_2', 'dataset_produces_1', 'conditional_dataset_and_time_based_timetable', 'dataset_consumes_1_never_scheduled', 'dataset_consumes_1_and_2' retrieved from /home/airflow/.local/lib/python3.12/site-packages/airflow/example_dags/example_datasets.py
[2026-08-12T04:36:25.703+0000] {logging_mixin.py:190} INFO - [2026-08-12T04:36:25.703+0000] {dag.py:3211} INFO - Sync 10 DAGs
[2026-08-12T04:36:25.731+0000] {logging_mixin.py:190} INFO - [2026-08-12T04:36:25.730+0000] {dag.py:4138} INFO - Setting next_dagrun for conditional_dataset_and_time_based_timetable to 2026-08-12 01:00:00+00:00, run_after=2026-08-12 01:00:00+00:00
[2026-08-12T04:36:25.737+0000] {logging_mixin.py:190} INFO - [2026-08-12T04:36:25.736+0000] {dag.py:4138} INFO - Setting next_dagrun for consume_1_and_2_with_dataset_expressions to None, run_after=None
[2026-08-12T04:36:25.740+0000] {logging_mixin.py:190} INFO - [2026-08-12T04:36:25.739+0000] {dag.py:4138} INFO - Setting next_dagrun for consume_1_or_2_with_dataset_expressions to None, run_after=None
[2026-08-12T04:36:25.742+0000] {logging_mixin.py:190} INFO - [2026-08-12T04:36:25.742+0000] {dag.py:4138} INFO - Setting next_dagrun for consume_1_or_both_2_and_3_with_dataset_expressions to None, run_after=None
[2026-08-12T04:36:25.744+0000] {logging_mixin.py:190} INFO - [2026-08-12T04:36:25.744+0000] {dag.py:4138} INFO - Setting next_dagrun for dataset_consumes_1 to None, run_after=None
[2026-08-12T04:36:25.746+0000] {logging_mixin.py:190} INFO - [2026-08-12T04:36:25.746+0000] {dag.py:4138} INFO - Setting next_dagrun for dataset_consumes_1_and_2 to None, run_after=None
[2026-08-12T04:36:25.749+0000] {logging_mixin.py:190} INFO - [2026-08-12T04:36:25.749+0000] {dag.py:4138} INFO - Setting next_dagrun for dataset_consumes_1_never_scheduled to None, run_after=None
[2026-08-12T04:36:25.751+0000] {logging_mixin.py:190} INFO - [2026-08-12T04:36:25.751+0000] {dag.py:4138} INFO - Setting next_dagrun for dataset_consumes_unknown_never_scheduled to None, run_after=None
[2026-08-12T04:36:25.755+0000] {logging_mixin.py:190} INFO - [2026-08-12T04:36:25.754+0000] {dag.py:4138} INFO - Setting next_dagrun for dataset_produces_1 to 2026-08-11 00:00:00+00:00, run_after=2026-08-12 00:00:00+00:00
[2026-08-12T04:36:25.757+0000] {logging_mixin.py:190} INFO - [2026-08-12T04:36:25.757+0000] {dag.py:4138} INFO - Setting next_dagrun for dataset_produces_2 to None, run_after=None
[2026-08-12T04:36:25.790+0000] {processor.py:208} INFO - Processing /home/airflow/.local/lib/python3.12/site-packages/airflow/example_dags/example_datasets.py took 0.287 seconds
[2026-08-12T04:36:56.195+0000] {processor.py:186} INFO - Started process (PID=202) to work on /home/airflow/.local/lib/python3.12/site-packages/airflow/example_dags/example_datasets.py
[2026-08-12T04:36:56.198+0000] {processor.py:914} INFO - Processing file /home/airflow/.local/lib/python3.12/site-packages/airflow/example_dags/example_datasets.py for tasks to queue
[2026-08-12T04:36:56.207+0000] {logging_mixin.py:190} INFO - [2026-08-12T04:36:56.206+0000] {dagbag.py:587} INFO - Filling up the DagBag from /home/airflow/.local/lib/python3.12/site-packages/airflow/example_dags/example_datasets.py
[2026-08-12T04:36:56.432+0000] {processor.py:925} INFO - DAG(s) 'conditional_dataset_and_time_based_timetable', 'dataset_consumes_1', 'consume_1_and_2_with_dataset_expressions', 'consume_1_or_both_2_and_3_with_dataset_expressions', 'dataset_consumes_unknown_never_scheduled', 'dataset_consumes_1_and_2', 'dataset_produces_2', 'dataset_produces_1', 'consume_1_or_2_with_dataset_expressions', 'dataset_consumes_1_never_scheduled' retrieved from /home/airflow/.local/lib/python3.12/site-packages/airflow/example_dags/example_datasets.py
[2026-08-12T04:36:56.500+0000] {logging_mixin.py:190} INFO - [2026-08-12T04:36:56.499+0000] {dag.py:3211} INFO - Sync 10 DAGs
[2026-08-12T04:36:56.541+0000] {logging_mixin.py:190} INFO - [2026-08-12T04:36:56.540+0000] {dag.py:4138} INFO - Setting next_dagrun for conditional_dataset_and_time_based_timetable to 2026-08-12 01:00:00+00:00, run_after=2026-08-12 01:00:00+00:00
[2026-08-12T04:36:56.548+0000] {logging_mixin.py:190} INFO - [2026-08-12T04:36:56.547+0000] {dag.py:4138} INFO - Setting next_dagrun for consume_1_and_2_with_dataset_expressions to None, run_after=None
[2026-08-12T04:36:56.550+0000] {logging_mixin.py:190} INFO - [2026-08-12T04:36:56.550+0000] {dag.py:4138} INFO - Setting next_dagrun for consume_1_or_2_with_dataset_expressions to None, run_after=None
[2026-08-12T04:36:56.555+0000] {logging_mixin.py:190} INFO - [2026-08-12T04:36:56.554+0000] {dag.py:4138} INFO - Setting next_dagrun for consume_1_or_both_2_and_3_with_dataset_expressions to None, run_after=None
[2026-08-12T04:36:56.557+0000] {logging_mixin.py:190} INFO - [2026-08-12T04:36:56.557+0000] {dag.py:4138} INFO - Setting next_dagrun for dataset_consumes_1 to None, run_after=None
[2026-08-12T04:36:56.559+0000] {logging_mixin.py:190} INFO - [2026-08-12T04:36:56.559+0000] {dag.py:4138} INFO - Setting next_dagrun for dataset_consumes_1_and_2 to None, run_after=None
[2026-08-12T04:36:56.562+0000] {logging_mixin.py:190} INFO - [2026-08-12T04:36:56.561+0000] {dag.py:4138} INFO - Setting next_dagrun for dataset_consumes_1_never_scheduled to None, run_after=None
[2026-08-12T04:36:56.565+0000] {logging_mixin.py:190} INFO - [2026-08-12T04:36:56.564+0000] {dag.py:4138} INFO - Setting next_dagrun for dataset_consumes_unknown_never_scheduled to None, run_after=None
[2026-08-12T04:36:56.571+0000] {logging_mixin.py:190} INFO - [2026-08-12T04:36:56.570+0000] {dag.py:4138} INFO - Setting next_dagrun for dataset_produces_1 to 2026-08-11 00:00:00+00:00, run_after=2026-08-12 00:00:00+00:00
[2026-08-12T04:36:56.573+0000] {logging_mixin.py:190} INFO - [2026-08-12T04:36:56.573+0000] {dag.py:4138} INFO - Setting next_dagrun for dataset_produces_2 to None, run_after=None
[2026-08-12T04:36:56.625+0000] {processor.py:208} INFO - Processing /home/airflow/.local/lib/python3.12/site-packages/airflow/example_dags/example_datasets.py took 0.448 seconds
[2026-08-12T04:37:26.849+0000] {processor.py:186} INFO - Started process (PID=266) to work on /home/airflow/.local/lib/python3.12/site-packages/airflow/example_dags/example_datasets.py
[2026-08-12T04:37:26.852+0000] {processor.py:914} INFO - Processing file /home/airflow/.local/lib/python3.12/site-packages/airflow/example_dags/example_datasets.py for tasks to queue
[2026-08-12T04:37:26.857+0000] {logging_mixin.py:190} INFO - [2026-08-12T04:37:26.857+0000] {dagbag.py:587} INFO - Filling up the DagBag from /home/airflow/.local/lib/python3.12/site-packages/airflow/example_dags/example_datasets.py
[2026-08-12T04:37:27.098+0000] {processor.py:925} INFO - DAG(s) 'dataset_produces_1', 'conditional_dataset_and_time_based_timetable', 'dataset_produces_2', 'dataset_consumes_1', 'consume_1_and_2_with_dataset_expressions', 'dataset_consumes_1_and_2', 'consume_1_or_both_2_and_3_with_dataset_expressions', 'consume_1_or_2_with_dataset_expressions', 'dataset_consumes_1_never_scheduled', 'dataset_consumes_unknown_never_scheduled' retrieved from /home/airflow/.local/lib/python3.12/site-packages/airflow/example_dags/example_datasets.py
[2026-08-12T04:37:27.161+0000] {logging_mixin.py:190} INFO - [2026-08-12T04:37:27.160+0000] {dag.py:3211} INFO - Sync 10 DAGs
[2026-08-12T04:37:27.195+0000] {logging_mixin.py:190} INFO - [2026-08-12T04:37:27.195+0000] {dag.py:4138} INFO - Setting next_dagrun for conditional_dataset_and_time_based_timetable to 2026-08-12 01:00:00+00:00, run_after=2026-08-12 01:00:00+00:00
[2026-08-12T04:37:27.203+0000] {logging_mixin.py:190} INFO - [2026-08-12T04:37:27.202+0000] {dag.py:4138} INFO - Setting next_dagrun for consume_1_and_2_with_dataset_expressions to None, run_after=None
[2026-08-12T04:37:27.207+0000] {logging_mixin.py:190} INFO - [2026-08-12T04:37:27.206+0000] {dag.py:4138} INFO - Setting next_dagrun for consume_1_or_2_with_dataset_expressions to None, run_after=None
[2026-08-12T04:37:27.212+0000] {logging_mixin.py:190} INFO - [2026-08-12T04:37:27.212+0000] {dag.py:4138} INFO - Setting next_dagrun for consume_1_or_both_2_and_3_with_dataset_expressions to None, run_after=None
[2026-08-12T04:37:27.216+0000] {logging_mixin.py:190} INFO - [2026-08-12T04:37:27.215+0000] {dag.py:4138} INFO - Setting next_dagrun for dataset_consumes_1 to None, run_after=None
[2026-08-12T04:37:27.219+0000] {logging_mixin.py:190} INFO - [2026-08-12T04:37:27.218+0000] {dag.py:4138} INFO - Setting next_dagrun for dataset_consumes_1_and_2 to None, run_after=None
[2026-08-12T04:37:27.235+0000] {logging_mixin.py:190} INFO - [2026-08-12T04:37:27.235+0000] {dag.py:4138} INFO - Setting next_dagrun for dataset_consumes_1_never_scheduled to None, run_after=None
[2026-08-12T04:37:27.240+0000] {logging_mixin.py:190} INFO - [2026-08-12T04:37:27.239+0000] {dag.py:4138} INFO - Setting next_dagrun for dataset_consumes_unknown_never_scheduled to None, run_after=None
[2026-08-12T04:37:27.245+0000] {logging_mixin.py:190} INFO - [2026-08-12T04:37:27.245+0000] {dag.py:4138} INFO - Setting next_dagrun for dataset_produces_1 to 2026-08-11 00:00:00+00:00, run_after=2026-08-12 00:00:00+00:00
[2026-08-12T04:37:27.251+0000] {logging_mixin.py:190} INFO - [2026-08-12T04:37:27.250+0000] {dag.py:4138} INFO - Setting next_dagrun for dataset_produces_2 to None, run_after=None
[2026-08-12T04:37:27.365+0000] {processor.py:208} INFO - Processing /home/airflow/.local/lib/python3.12/site-packages/airflow/example_dags/example_datasets.py took 0.526 seconds
[2026-08-12T04:37:58.260+0000] {processor.py:186} INFO - Started process (PID=329) to work on /home/airflow/.local/lib/python3.12/site-packages/airflow/example_dags/example_datasets.py
[2026-08-12T04:37:58.262+0000] {processor.py:914} INFO - Processing file /home/airflow/.local/lib/python3.12/site-packages/airflow/example_dags/example_datasets.py for tasks to queue
[2026-08-12T04:37:58.266+0000] {logging_mixin.py:190} INFO - [2026-08-12T04:37:58.265+0000] {dagbag.py:587} INFO - Filling up the DagBag from /home/airflow/.local/lib/python3.12/site-packages/airflow/example_dags/example_datasets.py
[2026-08-12T04:37:58.454+0000] {processor.py:925} INFO - DAG(s) 'dataset_consumes_1', 'consume_1_and_2_with_dataset_expressions', 'dataset_consumes_1_and_2', 'dataset_consumes_unknown_never_scheduled', 'consume_1_or_2_with_dataset_expressions', 'consume_1_or_both_2_and_3_with_dataset_expressions', 'dataset_produces_1', 'dataset_consumes_1_never_scheduled', 'dataset_produces_2', 'conditional_dataset_and_time_based_timetable' retrieved from /home/airflow/.local/lib/python3.12/site-packages/airflow/example_dags/example_datasets.py
[2026-08-12T04:37:58.515+0000] {logging_mixin.py:190} INFO - [2026-08-12T04:37:58.515+0000] {dag.py:3211} INFO - Sync 10 DAGs
[2026-08-12T04:37:58.545+0000] {logging_mixin.py:190} INFO - [2026-08-12T04:37:58.545+0000] {dag.py:4138} INFO - Setting next_dagrun for conditional_dataset_and_time_based_timetable to 2026-08-12 01:00:00+00:00, run_after=2026-08-12 01:00:00+00:00
[2026-08-12T04:37:58.550+0000] {logging_mixin.py:190} INFO - [2026-08-12T04:37:58.550+0000] {dag.py:4138} INFO - Setting next_dagrun for consume_1_and_2_with_dataset_expressions to None, run_after=None
[2026-08-12T04:37:58.554+0000] {logging_mixin.py:190} INFO - [2026-08-12T04:37:58.553+0000] {dag.py:4138} INFO - Setting next_dagrun for consume_1_or_2_with_dataset_expressions to None, run_after=None
[2026-08-12T04:37:58.558+0000] {logging_mixin.py:190} INFO - [2026-08-12T04:37:58.558+0000] {dag.py:4138} INFO - Setting next_dagrun for consume_1_or_both_2_and_3_with_dataset_expressions to None, run_after=None
[2026-08-12T04:37:58.561+0000] {logging_mixin.py:190} INFO - [2026-08-12T04:37:58.561+0000] {dag.py:4138} INFO - Setting next_dagrun for dataset_consumes_1 to None, run_after=None
[2026-08-12T04:37:58.565+0000] {logging_mixin.py:190} INFO - [2026-08-12T04:37:58.565+0000] {dag.py:4138} INFO - Setting next_dagrun for dataset_consumes_1_and_2 to None, run_after=None
[2026-08-12T04:37:58.567+0000] {logging_mixin.py:190} INFO - [2026-08-12T04:37:58.567+0000] {dag.py:4138} INFO - Setting next_dagrun for dataset_consumes_1_never_scheduled to None, run_after=None
[2026-08-12T04:37:58.571+0000] {logging_mixin.py:190} INFO - [2026-08-12T04:37:58.571+0000] {dag.py:4138} INFO - Setting next_dagrun for dataset_consumes_unknown_never_scheduled to None, run_after=None
[2026-08-12T04:37:58.576+0000] {logging_mixin.py:190} INFO - [2026-08-12T04:37:58.576+0000] {dag.py:4138} INFO - Setting next_dagrun for dataset_produces_1 to 2026-08-11 00:00:00+00:00, run_after=2026-08-12 00:00:00+00:00
[2026-08-12T04:37:58.579+0000] {logging_mixin.py:190} INFO - [2026-08-12T04:37:58.579+0000] {dag.py:4138} INFO - Setting next_dagrun for dataset_produces_2 to None, run_after=None
[2026-08-12T04:37:58.635+0000] {processor.py:208} INFO - Processing /home/airflow/.local/lib/python3.12/site-packages/airflow/example_dags/example_datasets.py took 0.381 seconds
[2026-08-12T04:38:29.096+0000] {processor.py:186} INFO - Started process (PID=391) to work on /home/airflow/.local/lib/python3.12/site-packages/airflow/example_dags/example_datasets.py
[2026-08-12T04:38:29.099+0000] {processor.py:914} INFO - Processing file /home/airflow/.local/lib/python3.12/site-packages/airflow/example_dags/example_datasets.py for tasks to queue
[2026-08-12T04:38:29.106+0000] {logging_mixin.py:190} INFO - [2026-08-12T04:38:29.106+0000] {dagbag.py:587} INFO - Filling up the DagBag from /home/airflow/.local/lib/python3.12/site-packages/airflow/example_dags/example_datasets.py
[2026-08-12T04:38:29.332+0000] {processor.py:925} INFO - DAG(s) 'dataset_consumes_1_and_2', 'consume_1_or_both_2_and_3_with_dataset_expressions', 'dataset_produces_1', 'dataset_consumes_unknown_never_scheduled', 'consume_1_and_2_with_dataset_expressions', 'conditional_dataset_and_time_based_timetable', 'consume_1_or_2_with_dataset_expressions', 'dataset_consumes_1_never_scheduled', 'dataset_produces_2', 'dataset_consumes_1' retrieved from /home/airflow/.local/lib/python3.12/site-packages/airflow/example_dags/example_datasets.py
[2026-08-12T04:38:29.418+0000] {logging_mixin.py:190} INFO - [2026-08-12T04:38:29.418+0000] {dag.py:3211} INFO - Sync 10 DAGs
[2026-08-12T04:38:29.465+0000] {logging_mixin.py:190} INFO - [2026-08-12T04:38:29.464+0000] {dag.py:4138} INFO - Setting next_dagrun for conditional_dataset_and_time_based_timetable to 2026-08-12 01:00:00+00:00, run_after=2026-08-12 01:00:00+00:00
[2026-08-12T04:38:29.473+0000] {logging_mixin.py:190} INFO - [2026-08-12T04:38:29.472+0000] {dag.py:4138} INFO - Setting next_dagrun for consume_1_and_2_with_dataset_expressions to None, run_after=None
[2026-08-12T04:38:29.481+0000] {logging_mixin.py:190} INFO - [2026-08-12T04:38:29.480+0000] {dag.py:4138} INFO - Setting next_dagrun for consume_1_or_2_with_dataset_expressions to None, run_after=None
[2026-08-12T04:38:29.483+0000] {logging_mixin.py:190} INFO - [2026-08-12T04:38:29.483+0000] {dag.py:4138} INFO - Setting next_dagrun for consume_1_or_both_2_and_3_with_dataset_expressions to None, run_after=None
[2026-08-12T04:38:29.487+0000] {logging_mixin.py:190} INFO - [2026-08-12T04:38:29.487+0000] {dag.py:4138} INFO - Setting next_dagrun for dataset_consumes_1 to None, run_after=None
[2026-08-12T04:38:29.495+0000] {logging_mixin.py:190} INFO - [2026-08-12T04:38:29.493+0000] {dag.py:4138} INFO - Setting next_dagrun for dataset_consumes_1_and_2 to None, run_after=None
[2026-08-12T04:38:29.501+0000] {logging_mixin.py:190} INFO - [2026-08-12T04:38:29.501+0000] {dag.py:4138} INFO - Setting next_dagrun for dataset_consumes_1_never_scheduled to None, run_after=None
[2026-08-12T04:38:29.505+0000] {logging_mixin.py:190} INFO - [2026-08-12T04:38:29.505+0000] {dag.py:4138} INFO - Setting next_dagrun for dataset_consumes_unknown_never_scheduled to None, run_after=None
[2026-08-12T04:38:29.512+0000] {logging_mixin.py:190} INFO - [2026-08-12T04:38:29.512+0000] {dag.py:4138} INFO - Setting next_dagrun for dataset_produces_1 to 2026-08-11 00:00:00+00:00, run_after=2026-08-12 00:00:00+00:00
[2026-08-12T04:38:29.521+0000] {logging_mixin.py:190} INFO - [2026-08-12T04:38:29.520+0000] {dag.py:4138} INFO - Setting next_dagrun for dataset_produces_2 to None, run_after=None
[2026-08-12T04:38:29.614+0000] {processor.py:208} INFO - Processing /home/airflow/.local/lib/python3.12/site-packages/airflow/example_dags/example_datasets.py took 0.532 seconds
[2026-08-12T04:39:00.133+0000] {processor.py:186} INFO - Started process (PID=453) to work on /home/airflow/.local/lib/python3.12/site-packages/airflow/example_dags/example_datasets.py
[2026-08-12T04:39:00.135+0000] {processor.py:914} INFO - Processing file /home/airflow/.local/lib/python3.12/site-packages/airflow/example_dags/example_datasets.py for tasks to queue
[2026-08-12T04:39:00.141+0000] {logging_mixin.py:190} INFO - [2026-08-12T04:39:00.141+0000] {dagbag.py:587} INFO - Filling up the DagBag from /home/airflow/.local/lib/python3.12/site-packages/airflow/example_dags/example_datasets.py
[2026-08-12T04:39:00.400+0000] {processor.py:925} INFO - DAG(s) 'dataset_consumes_1_never_scheduled', 'dataset_consumes_unknown_never_scheduled', 'consume_1_or_both_2_and_3_with_dataset_expressions', 'conditional_dataset_and_time_based_timetable', 'dataset_consumes_1', 'consume_1_or_2_with_dataset_expressions', 'dataset_consumes_1_and_2', 'dataset_produces_2', 'consume_1_and_2_with_dataset_expressions', 'dataset_produces_1' retrieved from /home/airflow/.local/lib/python3.12/site-packages/airflow/example_dags/example_datasets.py
[2026-08-12T04:39:00.476+0000] {logging_mixin.py:190} INFO - [2026-08-12T04:39:00.475+0000] {dag.py:3211} INFO - Sync 10 DAGs
[2026-08-12T04:39:00.519+0000] {logging_mixin.py:190} INFO - [2026-08-12T04:39:00.518+0000] {dag.py:4138} INFO - Setting next_dagrun for conditional_dataset_and_time_based_timetable to 2026-08-12 01:00:00+00:00, run_after=2026-08-12 01:00:00+00:00
[2026-08-12T04:39:00.527+0000] {logging_mixin.py:190} INFO - [2026-08-12T04:39:00.527+0000] {dag.py:4138} INFO - Setting next_dagrun for consume_1_and_2_with_dataset_expressions to None, run_after=None
[2026-08-12T04:39:00.530+0000] {logging_mixin.py:190} INFO - [2026-08-12T04:39:00.530+0000] {dag.py:4138} INFO - Setting next_dagrun for consume_1_or_2_with_dataset_expressions to None, run_after=None
[2026-08-12T04:39:00.534+0000] {logging_mixin.py:190} INFO - [2026-08-12T04:39:00.534+0000] {dag.py:4138} INFO - Setting next_dagrun for consume_1_or_both_2_and_3_with_dataset_expressions to None, run_after=None
[2026-08-12T04:39:00.541+0000] {logging_mixin.py:190} INFO - [2026-08-12T04:39:00.540+0000] {dag.py:4138} INFO - Setting next_dagrun for dataset_consumes_1 to None, run_after=None
[2026-08-12T04:39:00.546+0000] {logging_mixin.py:190} INFO - [2026-08-12T04:39:00.546+0000] {dag.py:4138} INFO - Setting next_dagrun for dataset_consumes_1_and_2 to None, run_after=None
[2026-08-12T04:39:00.549+0000] {logging_mixin.py:190} INFO - [2026-08-12T04:39:00.549+0000] {dag.py:4138} INFO - Setting next_dagrun for dataset_consumes_1_never_scheduled to None, run_after=None
[2026-08-12T04:39:00.552+0000] {logging_mixin.py:190} INFO - [2026-08-12T04:39:00.551+0000] {dag.py:4138} INFO - Setting next_dagrun for dataset_consumes_unknown_never_scheduled to None, run_after=None
[2026-08-12T04:39:00.560+0000] {logging_mixin.py:190} INFO - [2026-08-12T04:39:00.559+0000] {dag.py:4138} INFO - Setting next_dagrun for dataset_produces_1 to 2026-08-11 00:00:00+00:00, run_after=2026-08-12 00:00:00+00:00
[2026-08-12T04:39:00.563+0000] {logging_mixin.py:190} INFO - [2026-08-12T04:39:00.563+0000] {dag.py:4138} INFO - Setting next_dagrun for dataset_produces_2 to None, run_after=None
[2026-08-12T04:39:00.614+0000] {processor.py:208} INFO - Processing /home/airflow/.local/lib/python3.12/site-packages/airflow/example_dags/example_datasets.py took 0.490 seconds
[2026-08-12T04:39:30.747+0000] {processor.py:186} INFO - Started process (PID=517) to work on /home/airflow/.local/lib/python3.12/site-packages/airflow/example_dags/example_datasets.py
[2026-08-12T04:39:30.748+0000] {processor.py:914} INFO - Processing file /home/airflow/.local/lib/python3.12/site-packages/airflow/example_dags/example_datasets.py for tasks to queue
[2026-08-12T04:39:30.751+0000] {logging_mixin.py:190} INFO - [2026-08-12T04:39:30.751+0000] {dagbag.py:587} INFO - Filling up the DagBag from /home/airflow/.local/lib/python3.12/site-packages/airflow/example_dags/example_datasets.py
[2026-08-12T04:39:30.940+0000] {processor.py:925} INFO - DAG(s) 'consume_1_or_both_2_and_3_with_dataset_expressions', 'dataset_consumes_1_and_2', 'dataset_produces_1', 'consume_1_and_2_with_dataset_expressions', 'dataset_produces_2', 'consume_1_or_2_with_dataset_expressions', 'dataset_consumes_1', 'dataset_consumes_unknown_never_scheduled', 'dataset_consumes_1_never_scheduled', 'conditional_dataset_and_time_based_timetable' retrieved from /home/airflow/.local/lib/python3.12/site-packages/airflow/example_dags/example_datasets.py
[2026-08-12T04:39:31.002+0000] {logging_mixin.py:190} INFO - [2026-08-12T04:39:31.002+0000] {dag.py:3211} INFO - Sync 10 DAGs
[2026-08-12T04:39:31.060+0000] {logging_mixin.py:190} INFO - [2026-08-12T04:39:31.060+0000] {dag.py:4138} INFO - Setting next_dagrun for conditional_dataset_and_time_based_timetable to 2026-08-12 01:00:00+00:00, run_after=2026-08-12 01:00:00+00:00
[2026-08-12T04:39:31.066+0000] {logging_mixin.py:190} INFO - [2026-08-12T04:39:31.065+0000] {dag.py:4138} INFO - Setting next_dagrun for consume_1_and_2_with_dataset_expressions to None, run_after=None
[2026-08-12T04:39:31.069+0000] {logging_mixin.py:190} INFO - [2026-08-12T04:39:31.068+0000] {dag.py:4138} INFO - Setting next_dagrun for consume_1_or_2_with_dataset_expressions to None, run_after=None
[2026-08-12T04:39:31.073+0000] {logging_mixin.py:190} INFO - [2026-08-12T04:39:31.073+0000] {dag.py:4138} INFO - Setting next_dagrun for consume_1_or_both_2_and_3_with_dataset_expressions to None, run_after=None
[2026-08-12T04:39:31.077+0000] {logging_mixin.py:190} INFO - [2026-08-12T04:39:31.077+0000] {dag.py:4138} INFO - Setting next_dagrun for dataset_consumes_1 to None, run_after=None
[2026-08-12T04:39:31.082+0000] {logging_mixin.py:190} INFO - [2026-08-12T04:39:31.082+0000] {dag.py:4138} INFO - Setting next_dagrun for dataset_consumes_1_and_2 to None, run_after=None
[2026-08-12T04:39:31.085+0000] {logging_mixin.py:190} INFO - [2026-08-12T04:39:31.085+0000] {dag.py:4138} INFO - Setting next_dagrun for dataset_consumes_1_never_scheduled to None, run_after=None
[2026-08-12T04:39:31.091+0000] {logging_mixin.py:190} INFO - [2026-08-12T04:39:31.091+0000] {dag.py:4138} INFO - Setting next_dagrun for dataset_consumes_unknown_never_scheduled to None, run_after=None
[2026-08-12T04:39:31.095+0000] {logging_mixin.py:190} INFO - [2026-08-12T04:39:31.095+0000] {dag.py:4138} INFO - Setting next_dagrun for dataset_produces_1 to 2026-08-11 00:00:00+00:00, run_after=2026-08-12 00:00:00+00:00
[2026-08-12T04:39:31.098+0000] {logging_mixin.py:190} INFO - [2026-08-12T04:39:31.098+0000] {dag.py:4138} INFO - Setting next_dagrun for dataset_produces_2 to None, run_after=None
[2026-08-12T04:39:31.178+0000] {processor.py:208} INFO - Processing /home/airflow/.local/lib/python3.12/site-packages/airflow/example_dags/example_datasets.py took 0.439 seconds
[2026-08-12T04:40:02.034+0000] {processor.py:186} INFO - Started process (PID=579) to work on /home/airflow/.local/lib/python3.12/site-packages/airflow/example_dags/example_datasets.py
[2026-08-12T04:40:02.039+0000] {processor.py:914} INFO - Processing file /home/airflow/.local/lib/python3.12/site-packages/airflow/example_dags/example_datasets.py for tasks to queue
[2026-08-12T04:40:02.045+0000] {logging_mixin.py:190} INFO - [2026-08-12T04:40:02.044+0000] {dagbag.py:587} INFO - Filling up the DagBag from /home/airflow/.local/lib/python3.12/site-packages/airflow/example_dags/example_datasets.py
[2026-08-12T04:40:02.390+0000] {processor.py:925} INFO - DAG(s) 'consume_1_and_2_with_dataset_expressions', 'dataset_consumes_1', 'dataset_consumes_1_never_scheduled', 'conditional_dataset_and_time_based_timetable', 'dataset_consumes_1_and_2', 'consume_1_or_both_2_and_3_with_dataset_expressions', 'dataset_produces_2', 'consume_1_or_2_with_dataset_expressions', 'dataset_consumes_unknown_never_scheduled', 'dataset_produces_1' retrieved from /home/airflow/.local/lib/python3.12/site-packages/airflow/example_dags/example_datasets.py
[2026-08-12T04:40:02.465+0000] {logging_mixin.py:190} INFO - [2026-08-12T04:40:02.465+0000] {dag.py:3211} INFO - Sync 10 DAGs
[2026-08-12T04:40:02.509+0000] {logging_mixin.py:190} INFO - [2026-08-12T04:40:02.509+0000] {dag.py:4138} INFO - Setting next_dagrun for conditional_dataset_and_time_based_timetable to 2026-08-12 01:00:00+00:00, run_after=2026-08-12 01:00:00+00:00
[2026-08-12T04:40:02.515+0000] {logging_mixin.py:190} INFO - [2026-08-12T04:40:02.515+0000] {dag.py:4138} INFO - Setting next_dagrun for consume_1_and_2_with_dataset_expressions to None, run_after=None
[2026-08-12T04:40:02.518+0000] {logging_mixin.py:190} INFO - [2026-08-12T04:40:02.517+0000] {dag.py:4138} INFO - Setting next_dagrun for consume_1_or_2_with_dataset_expressions to None, run_after=None
[2026-08-12T04:40:02.522+0000] {logging_mixin.py:190} INFO - [2026-08-12T04:40:02.521+0000] {dag.py:4138} INFO - Setting next_dagrun for consume_1_or_both_2_and_3_with_dataset_expressions to None, run_after=None
[2026-08-12T04:40:02.527+0000] {logging_mixin.py:190} INFO - [2026-08-12T04:40:02.526+0000] {dag.py:4138} INFO - Setting next_dagrun for dataset_consumes_1 to None, run_after=None
[2026-08-12T04:40:02.531+0000] {logging_mixin.py:190} INFO - [2026-08-12T04:40:02.531+0000] {dag.py:4138} INFO - Setting next_dagrun for dataset_consumes_1_and_2 to None, run_after=None
[2026-08-12T04:40:02.534+0000] {logging_mixin.py:190} INFO - [2026-08-12T04:40:02.534+0000] {dag.py:4138} INFO - Setting next_dagrun for dataset_consumes_1_never_scheduled to None, run_after=None
[2026-08-12T04:40:02.538+0000] {logging_mixin.py:190} INFO - [2026-08-12T04:40:02.537+0000] {dag.py:4138} INFO - Setting next_dagrun for dataset_consumes_unknown_never_scheduled to None, run_after=None
[2026-08-12T04:40:02.545+0000] {logging_mixin.py:190} INFO - [2026-08-12T04:40:02.545+0000] {dag.py:4138} INFO - Setting next_dagrun for dataset_produces_1 to 2026-08-11 00:00:00+00:00, run_after=2026-08-12 00:00:00+00:00
[2026-08-12T04:40:02.548+0000] {logging_mixin.py:190} INFO - [2026-08-12T04:40:02.548+0000] {dag.py:4138} INFO - Setting next_dagrun for dataset_produces_2 to None, run_after=None
[2026-08-12T04:40:02.602+0000] {processor.py:208} INFO - Processing /home/airflow/.local/lib/python3.12/site-packages/airflow/example_dags/example_datasets.py took 0.578 seconds
[2026-08-12T04:40:33.035+0000] {processor.py:186} INFO - Started process (PID=641) to work on /home/airflow/.local/lib/python3.12/site-packages/airflow/example_dags/example_datasets.py
[2026-08-12T04:40:33.037+0000] {processor.py:914} INFO - Processing file /home/airflow/.local/lib/python3.12/site-packages/airflow/example_dags/example_datasets.py for tasks to queue
[2026-08-12T04:40:33.044+0000] {logging_mixin.py:190} INFO - [2026-08-12T04:40:33.043+0000] {dagbag.py:587} INFO - Filling up the DagBag from /home/airflow/.local/lib/python3.12/site-packages/airflow/example_dags/example_datasets.py
[2026-08-12T04:40:33.251+0000] {processor.py:925} INFO - DAG(s) 'dataset_consumes_1_and_2', 'dataset_consumes_1_never_scheduled', 'conditional_dataset_and_time_based_timetable', 'dataset_consumes_unknown_never_scheduled', 'dataset_consumes_1', 'consume_1_or_both_2_and_3_with_dataset_expressions', 'dataset_produces_1', 'consume_1_or_2_with_dataset_expressions', 'consume_1_and_2_with_dataset_expressions', 'dataset_produces_2' retrieved from /home/airflow/.local/lib/python3.12/site-packages/airflow/example_dags/example_datasets.py
[2026-08-12T04:40:33.327+0000] {logging_mixin.py:190} INFO - [2026-08-12T04:40:33.327+0000] {dag.py:3211} INFO - Sync 10 DAGs
[2026-08-12T04:40:33.382+0000] {logging_mixin.py:190} INFO - [2026-08-12T04:40:33.382+0000] {dag.py:4138} INFO - Setting next_dagrun for conditional_dataset_and_time_based_timetable to 2026-08-12 01:00:00+00:00, run_after=2026-08-12 01:00:00+00:00
[2026-08-12T04:40:33.388+0000] {logging_mixin.py:190} INFO - [2026-08-12T04:40:33.387+0000] {dag.py:4138} INFO - Setting next_dagrun for consume_1_and_2_with_dataset_expressions to None, run_after=None
[2026-08-12T04:40:33.393+0000] {logging_mixin.py:190} INFO - [2026-08-12T04:40:33.393+0000] {dag.py:4138} INFO - Setting next_dagrun for consume_1_or_2_with_dataset_expressions to None, run_after=None
[2026-08-12T04:40:33.397+0000] {logging_mixin.py:190} INFO - [2026-08-12T04:40:33.396+0000] {dag.py:4138} INFO - Setting next_dagrun for consume_1_or_both_2_and_3_with_dataset_expressions to None, run_after=None
[2026-08-12T04:40:33.402+0000] {logging_mixin.py:190} INFO - [2026-08-12T04:40:33.401+0000] {dag.py:4138} INFO - Setting next_dagrun for dataset_consumes_1 to None, run_after=None
[2026-08-12T04:40:33.411+0000] {logging_mixin.py:190} INFO - [2026-08-12T04:40:33.410+0000] {dag.py:4138} INFO - Setting next_dagrun for dataset_consumes_1_and_2 to None, run_after=None
[2026-08-12T04:40:33.417+0000] {logging_mixin.py:190} INFO - [2026-08-12T04:40:33.416+0000] {dag.py:4138} INFO - Setting next_dagrun for dataset_consumes_1_never_scheduled to None, run_after=None
[2026-08-12T04:40:33.420+0000] {logging_mixin.py:190} INFO - [2026-08-12T04:40:33.420+0000] {dag.py:4138} INFO - Setting next_dagrun for dataset_consumes_unknown_never_scheduled to None, run_after=None
[2026-08-12T04:40:33.428+0000] {logging_mixin.py:190} INFO - [2026-08-12T04:40:33.427+0000] {dag.py:4138} INFO - Setting next_dagrun for dataset_produces_1 to 2026-08-11 00:00:00+00:00, run_after=2026-08-12 00:00:00+00:00
[2026-08-12T04:40:33.434+0000] {logging_mixin.py:190} INFO - [2026-08-12T04:40:33.434+0000] {dag.py:4138} INFO - Setting next_dagrun for dataset_produces_2 to None, run_after=None
[2026-08-12T04:40:33.507+0000] {processor.py:208} INFO - Processing /home/airflow/.local/lib/python3.12/site-packages/airflow/example_dags/example_datasets.py took 0.480 seconds
[2026-08-12T04:41:03.805+0000] {processor.py:186} INFO - Started process (PID=704) to work on /home/airflow/.local/lib/python3.12/site-packages/airflow/example_dags/example_datasets.py
[2026-08-12T04:41:03.808+0000] {processor.py:914} INFO - Processing file /home/airflow/.local/lib/python3.12/site-packages/airflow/example_dags/example_datasets.py for tasks to queue
[2026-08-12T04:41:03.813+0000] {logging_mixin.py:190} INFO - [2026-08-12T04:41:03.812+0000] {dagbag.py:587} INFO - Filling up the DagBag from /home/airflow/.local/lib/python3.12/site-packages/airflow/example_dags/example_datasets.py
[2026-08-12T04:41:04.029+0000] {processor.py:925} INFO - DAG(s) 'consume_1_or_both_2_and_3_with_dataset_expressions', 'conditional_dataset_and_time_based_timetable', 'consume_1_or_2_with_dataset_expressions', 'dataset_consumes_unknown_never_scheduled', 'dataset_produces_1', 'dataset_consumes_1_never_scheduled', 'dataset_consumes_1', 'dataset_produces_2', 'dataset_consumes_1_and_2', 'consume_1_and_2_with_dataset_expressions' retrieved from /home/airflow/.local/lib/python3.12/site-packages/airflow/example_dags/example_datasets.py
[2026-08-12T04:41:04.088+0000] {logging_mixin.py:190} INFO - [2026-08-12T04:41:04.088+0000] {dag.py:3211} INFO - Sync 10 DAGs
[2026-08-12T04:41:04.127+0000] {logging_mixin.py:190} INFO - [2026-08-12T04:41:04.127+0000] {dag.py:4138} INFO - Setting next_dagrun for conditional_dataset_and_time_based_timetable to 2026-08-12 01:00:00+00:00, run_after=2026-08-12 01:00:00+00:00
[2026-08-12T04:41:04.134+0000] {logging_mixin.py:190} INFO - [2026-08-12T04:41:04.133+0000] {dag.py:4138} INFO - Setting next_dagrun for consume_1_and_2_with_dataset_expressions to None, run_after=None
[2026-08-12T04:41:04.138+0000] {logging_mixin.py:190} INFO - [2026-08-12T04:41:04.137+0000] {dag.py:4138} INFO - Setting next_dagrun for consume_1_or_2_with_dataset_expressions to None, run_after=None
[2026-08-12T04:41:04.154+0000] {logging_mixin.py:190} INFO - [2026-08-12T04:41:04.154+0000] {dag.py:4138} INFO - Setting next_dagrun for consume_1_or_both_2_and_3_with_dataset_expressions to None, run_after=None
[2026-08-12T04:41:04.157+0000] {logging_mixin.py:190} INFO - [2026-08-12T04:41:04.157+0000] {dag.py:4138} INFO - Setting next_dagrun for dataset_consumes_1 to None, run_after=None
[2026-08-12T04:41:04.160+0000] {logging_mixin.py:190} INFO - [2026-08-12T04:41:04.160+0000] {dag.py:4138} INFO - Setting next_dagrun for dataset_consumes_1_and_2 to None, run_after=None
[2026-08-12T04:41:04.163+0000] {logging_mixin.py:190} INFO - [2026-08-12T04:41:04.162+0000] {dag.py:4138} INFO - Setting next_dagrun for dataset_consumes_1_never_scheduled to None, run_after=None
[2026-08-12T04:41:04.166+0000] {logging_mixin.py:190} INFO - [2026-08-12T04:41:04.165+0000] {dag.py:4138} INFO - Setting next_dagrun for dataset_consumes_unknown_never_scheduled to None, run_after=None
[2026-08-12T04:41:04.171+0000] {logging_mixin.py:190} INFO - [2026-08-12T04:41:04.170+0000] {dag.py:4138} INFO - Setting next_dagrun for dataset_produces_1 to 2026-08-11 00:00:00+00:00, run_after=2026-08-12 00:00:00+00:00
[2026-08-12T04:41:04.173+0000] {logging_mixin.py:190} INFO - [2026-08-12T04:41:04.173+0000] {dag.py:4138} INFO - Setting next_dagrun for dataset_produces_2 to None, run_after=None
[2026-08-12T04:41:04.221+0000] {processor.py:208} INFO - Processing /home/airflow/.local/lib/python3.12/site-packages/airflow/example_dags/example_datasets.py took 0.424 seconds
[2026-08-12T04:41:34.363+0000] {processor.py:186} INFO - Started process (PID=768) to work on /home/airflow/.local/lib/python3.12/site-packages/airflow/example_dags/example_datasets.py
[2026-08-12T04:41:34.366+0000] {processor.py:914} INFO - Processing file /home/airflow/.local/lib/python3.12/site-packages/airflow/example_dags/example_datasets.py for tasks to queue
[2026-08-12T04:41:34.371+0000] {logging_mixin.py:190} INFO - [2026-08-12T04:41:34.370+0000] {dagbag.py:587} INFO - Filling up the DagBag from /home/airflow/.local/lib/python3.12/site-packages/airflow/example_dags/example_datasets.py
[2026-08-12T04:41:34.550+0000] {processor.py:925} INFO - DAG(s) 'dataset_produces_2', 'dataset_consumes_1', 'dataset_produces_1', 'conditional_dataset_and_time_based_timetable', 'consume_1_or_2_with_dataset_expressions', 'dataset_consumes_unknown_never_scheduled', 'dataset_consumes_1_and_2', 'dataset_consumes_1_never_scheduled', 'consume_1_or_both_2_and_3_with_dataset_expressions', 'consume_1_and_2_with_dataset_expressions' retrieved from /home/airflow/.local/lib/python3.12/site-packages/airflow/example_dags/example_datasets.py
[2026-08-12T04:41:34.614+0000] {logging_mixin.py:190} INFO - [2026-08-12T04:41:34.614+0000] {dag.py:3211} INFO - Sync 10 DAGs
[2026-08-12T04:41:34.646+0000] {logging_mixin.py:190} INFO - [2026-08-12T04:41:34.646+0000] {dag.py:4138} INFO - Setting next_dagrun for conditional_dataset_and_time_based_timetable to 2026-08-12 01:00:00+00:00, run_after=2026-08-12 01:00:00+00:00
[2026-08-12T04:41:34.651+0000] {logging_mixin.py:190} INFO - [2026-08-12T04:41:34.650+0000] {dag.py:4138} INFO - Setting next_dagrun for consume_1_and_2_with_dataset_expressions to None, run_after=None
[2026-08-12T04:41:34.657+0000] {logging_mixin.py:190} INFO - [2026-08-12T04:41:34.657+0000] {dag.py:4138} INFO - Setting next_dagrun for consume_1_or_2_with_dataset_expressions to None, run_after=None
[2026-08-12T04:41:34.662+0000] {logging_mixin.py:190} INFO - [2026-08-12T04:41:34.661+0000] {dag.py:4138} INFO - Setting next_dagrun for consume_1_or_both_2_and_3_with_dataset_expressions to None, run_after=None
[2026-08-12T04:41:34.664+0000] {logging_mixin.py:190} INFO - [2026-08-12T04:41:34.664+0000] {dag.py:4138} INFO - Setting next_dagrun for dataset_consumes_1 to None, run_after=None
[2026-08-12T04:41:34.669+0000] {logging_mixin.py:190} INFO - [2026-08-12T04:41:34.668+0000] {dag.py:4138} INFO - Setting next_dagrun for dataset_consumes_1_and_2 to None, run_after=None
[2026-08-12T04:41:34.672+0000] {logging_mixin.py:190} INFO - [2026-08-12T04:41:34.672+0000] {dag.py:4138} INFO - Setting next_dagrun for dataset_consumes_1_never_scheduled to None, run_after=None
[2026-08-12T04:41:34.677+0000] {logging_mixin.py:190} INFO - [2026-08-12T04:41:34.677+0000] {dag.py:4138} INFO - Setting next_dagrun for dataset_consumes_unknown_never_scheduled to None, run_after=None
[2026-08-12T04:41:34.681+0000] {logging_mixin.py:190} INFO - [2026-08-12T04:41:34.680+0000] {dag.py:4138} INFO - Setting next_dagrun for dataset_produces_1 to 2026-08-11 00:00:00+00:00, run_after=2026-08-12 00:00:00+00:00
[2026-08-12T04:41:34.683+0000] {logging_mixin.py:190} INFO - [2026-08-12T04:41:34.683+0000] {dag.py:4138} INFO - Setting next_dagrun for dataset_produces_2 to None, run_after=None
[2026-08-12T04:41:34.728+0000] {processor.py:208} INFO - Processing /home/airflow/.local/lib/python3.12/site-packages/airflow/example_dags/example_datasets.py took 0.375 seconds
[2026-08-12T04:42:05.601+0000] {processor.py:186} INFO - Started process (PID=830) to work on /home/airflow/.local/lib/python3.12/site-packages/airflow/example_dags/example_datasets.py
[2026-08-12T04:42:05.603+0000] {processor.py:914} INFO - Processing file /home/airflow/.local/lib/python3.12/site-packages/airflow/example_dags/example_datasets.py for tasks to queue
[2026-08-12T04:42:05.608+0000] {logging_mixin.py:190} INFO - [2026-08-12T04:42:05.608+0000] {dagbag.py:587} INFO - Filling up the DagBag from /home/airflow/.local/lib/python3.12/site-packages/airflow/example_dags/example_datasets.py
[2026-08-12T04:42:05.777+0000] {processor.py:925} INFO - DAG(s) 'dataset_consumes_1_and_2', 'dataset_consumes_unknown_never_scheduled', 'dataset_consumes_1', 'dataset_consumes_1_never_scheduled', 'dataset_produces_2', 'conditional_dataset_and_time_based_timetable', 'consume_1_or_both_2_and_3_with_dataset_expressions', 'dataset_produces_1', 'consume_1_and_2_with_dataset_expressions', 'consume_1_or_2_with_dataset_expressions' retrieved from /home/airflow/.local/lib/python3.12/site-packages/airflow/example_dags/example_datasets.py
[2026-08-12T04:42:05.821+0000] {logging_mixin.py:190} INFO - [2026-08-12T04:42:05.821+0000] {dag.py:3211} INFO - Sync 10 DAGs
[2026-08-12T04:42:05.847+0000] {logging_mixin.py:190} INFO - [2026-08-12T04:42:05.846+0000] {dag.py:4138} INFO - Setting next_dagrun for conditional_dataset_and_time_based_timetable to 2026-08-12 01:00:00+00:00, run_after=2026-08-12 01:00:00+00:00
[2026-08-12T04:42:05.851+0000] {logging_mixin.py:190} INFO - [2026-08-12T04:42:05.851+0000] {dag.py:4138} INFO - Setting next_dagrun for consume_1_and_2_with_dataset_expressions to None, run_after=None
[2026-08-12T04:42:05.854+0000] {logging_mixin.py:190} INFO - [2026-08-12T04:42:05.854+0000] {dag.py:4138} INFO - Setting next_dagrun for consume_1_or_2_with_dataset_expressions to None, run_after=None
[2026-08-12T04:42:05.857+0000] {logging_mixin.py:190} INFO - [2026-08-12T04:42:05.857+0000] {dag.py:4138} INFO - Setting next_dagrun for consume_1_or_both_2_and_3_with_dataset_expressions to None, run_after=None
[2026-08-12T04:42:05.860+0000] {logging_mixin.py:190} INFO - [2026-08-12T04:42:05.860+0000] {dag.py:4138} INFO - Setting next_dagrun for dataset_consumes_1 to None, run_after=None
[2026-08-12T04:42:05.862+0000] {logging_mixin.py:190} INFO - [2026-08-12T04:42:05.862+0000] {dag.py:4138} INFO - Setting next_dagrun for dataset_consumes_1_and_2 to None, run_after=None
[2026-08-12T04:42:05.865+0000] {logging_mixin.py:190} INFO - [2026-08-12T04:42:05.864+0000] {dag.py:4138} INFO - Setting next_dagrun for dataset_consumes_1_never_scheduled to None, run_after=None
[2026-08-12T04:42:05.867+0000] {logging_mixin.py:190} INFO - [2026-08-12T04:42:05.867+0000] {dag.py:4138} INFO - Setting next_dagrun for dataset_consumes_unknown_never_scheduled to None, run_after=None
[2026-08-12T04:42:05.870+0000] {logging_mixin.py:190} INFO - [2026-08-12T04:42:05.870+0000] {dag.py:4138} INFO - Setting next_dagrun for dataset_produces_1 to 2026-08-11 00:00:00+00:00, run_after=2026-08-12 00:00:00+00:00
[2026-08-12T04:42:05.872+0000] {logging_mixin.py:190} INFO - [2026-08-12T04:42:05.872+0000] {dag.py:4138} INFO - Setting next_dagrun for dataset_produces_2 to None, run_after=None
[2026-08-12T04:42:05.911+0000] {processor.py:208} INFO - Processing /home/airflow/.local/lib/python3.12/site-packages/airflow/example_dags/example_datasets.py took 0.318 seconds
[2026-08-12T04:42:36.035+0000] {processor.py:186} INFO - Started process (PID=894) to work on /home/airflow/.local/lib/python3.12/site-packages/airflow/example_dags/example_datasets.py
[2026-08-12T04:42:36.037+0000] {processor.py:914} INFO - Processing file /home/airflow/.local/lib/python3.12/site-packages/airflow/example_dags/example_datasets.py for tasks to queue
[2026-08-12T04:42:36.042+0000] {logging_mixin.py:190} INFO - [2026-08-12T04:42:36.041+0000] {dagbag.py:587} INFO - Filling up the DagBag from /home/airflow/.local/lib/python3.12/site-packages/airflow/example_dags/example_datasets.py
[2026-08-12T04:42:36.211+0000] {processor.py:925} INFO - DAG(s) 'consume_1_or_both_2_and_3_with_dataset_expressions', 'consume_1_and_2_with_dataset_expressions', 'dataset_produces_2', 'dataset_consumes_1_never_scheduled', 'conditional_dataset_and_time_based_timetable', 'dataset_consumes_1', 'dataset_consumes_1_and_2', 'dataset_produces_1', 'consume_1_or_2_with_dataset_expressions', 'dataset_consumes_unknown_never_scheduled' retrieved from /home/airflow/.local/lib/python3.12/site-packages/airflow/example_dags/example_datasets.py
[2026-08-12T04:42:36.257+0000] {logging_mixin.py:190} INFO - [2026-08-12T04:42:36.256+0000] {dag.py:3211} INFO - Sync 10 DAGs
[2026-08-12T04:42:36.280+0000] {logging_mixin.py:190} INFO - [2026-08-12T04:42:36.280+0000] {dag.py:4138} INFO - Setting next_dagrun for conditional_dataset_and_time_based_timetable to 2026-08-12 01:00:00+00:00, run_after=2026-08-12 01:00:00+00:00
[2026-08-12T04:42:36.284+0000] {logging_mixin.py:190} INFO - [2026-08-12T04:42:36.284+0000] {dag.py:4138} INFO - Setting next_dagrun for consume_1_and_2_with_dataset_expressions to None, run_after=None
[2026-08-12T04:42:36.287+0000] {logging_mixin.py:190} INFO - [2026-08-12T04:42:36.287+0000] {dag.py:4138} INFO - Setting next_dagrun for consume_1_or_2_with_dataset_expressions to None, run_after=None
[2026-08-12T04:42:36.289+0000] {logging_mixin.py:190} INFO - [2026-08-12T04:42:36.289+0000] {dag.py:4138} INFO - Setting next_dagrun for consume_1_or_both_2_and_3_with_dataset_expressions to None, run_after=None
[2026-08-12T04:42:36.292+0000] {logging_mixin.py:190} INFO - [2026-08-12T04:42:36.292+0000] {dag.py:4138} INFO - Setting next_dagrun for dataset_consumes_1 to None, run_after=None
[2026-08-12T04:42:36.295+0000] {logging_mixin.py:190} INFO - [2026-08-12T04:42:36.295+0000] {dag.py:4138} INFO - Setting next_dagrun for dataset_consumes_1_and_2 to None, run_after=None
[2026-08-12T04:42:36.297+0000] {logging_mixin.py:190} INFO - [2026-08-12T04:42:36.297+0000] {dag.py:4138} INFO - Setting next_dagrun for dataset_consumes_1_never_scheduled to None, run_after=None
[2026-08-12T04:42:36.299+0000] {logging_mixin.py:190} INFO - [2026-08-12T04:42:36.299+0000] {dag.py:4138} INFO - Setting next_dagrun for dataset_consumes_unknown_never_scheduled to None, run_after=None
[2026-08-12T04:42:36.302+0000] {logging_mixin.py:190} INFO - [2026-08-12T04:42:36.302+0000] {dag.py:4138} INFO - Setting next_dagrun for dataset_produces_1 to 2026-08-11 00:00:00+00:00, run_after=2026-08-12 00:00:00+00:00
[2026-08-12T04:42:36.304+0000] {logging_mixin.py:190} INFO - [2026-08-12T04:42:36.304+0000] {dag.py:4138} INFO - Setting next_dagrun for dataset_produces_2 to None, run_after=None
[2026-08-12T04:42:36.335+0000] {processor.py:208} INFO - Processing /home/airflow/.local/lib/python3.12/site-packages/airflow/example_dags/example_datasets.py took 0.308 seconds
[2026-08-12T04:43:06.436+0000] {processor.py:186} INFO - Started process (PID=957) to work on /home/airflow/.local/lib/python3.12/site-packages/airflow/example_dags/example_datasets.py
[2026-08-12T04:43:06.438+0000] {processor.py:914} INFO - Processing file /home/airflow/.local/lib/python3.12/site-packages/airflow/example_dags/example_datasets.py for tasks to queue
[2026-08-12T04:43:06.442+0000] {logging_mixin.py:190} INFO - [2026-08-12T04:43:06.441+0000] {dagbag.py:587} INFO - Filling up the DagBag from /home/airflow/.local/lib/python3.12/site-packages/airflow/example_dags/example_datasets.py
[2026-08-12T04:43:06.582+0000] {processor.py:925} INFO - DAG(s) 'dataset_consumes_unknown_never_scheduled', 'dataset_consumes_1_never_scheduled', 'conditional_dataset_and_time_based_timetable', 'dataset_produces_1', 'dataset_consumes_1', 'dataset_consumes_1_and_2', 'consume_1_or_both_2_and_3_with_dataset_expressions', 'dataset_produces_2', 'consume_1_and_2_with_dataset_expressions', 'consume_1_or_2_with_dataset_expressions' retrieved from /home/airflow/.local/lib/python3.12/site-packages/airflow/example_dags/example_datasets.py
[2026-08-12T04:43:06.618+0000] {logging_mixin.py:190} INFO - [2026-08-12T04:43:06.618+0000] {dag.py:3211} INFO - Sync 10 DAGs
[2026-08-12T04:43:06.640+0000] {logging_mixin.py:190} INFO - [2026-08-12T04:43:06.640+0000] {dag.py:4138} INFO - Setting next_dagrun for conditional_dataset_and_time_based_timetable to 2026-08-12 01:00:00+00:00, run_after=2026-08-12 01:00:00+00:00
[2026-08-12T04:43:06.645+0000] {logging_mixin.py:190} INFO - [2026-08-12T04:43:06.645+0000] {dag.py:4138} INFO - Setting next_dagrun for consume_1_and_2_with_dataset_expressions to None, run_after=None
[2026-08-12T04:43:06.648+0000] {logging_mixin.py:190} INFO - [2026-08-12T04:43:06.648+0000] {dag.py:4138} INFO - Setting next_dagrun for consume_1_or_2_with_dataset_expressions to None, run_after=None
[2026-08-12T04:43:06.650+0000] {logging_mixin.py:190} INFO - [2026-08-12T04:43:06.650+0000] {dag.py:4138} INFO - Setting next_dagrun for consume_1_or_both_2_and_3_with_dataset_expressions to None, run_after=None
[2026-08-12T04:43:06.652+0000] {logging_mixin.py:190} INFO - [2026-08-12T04:43:06.652+0000] {dag.py:4138} INFO - Setting next_dagrun for dataset_consumes_1 to None, run_after=None
[2026-08-12T04:43:06.655+0000] {logging_mixin.py:190} INFO - [2026-08-12T04:43:06.655+0000] {dag.py:4138} INFO - Setting next_dagrun for dataset_consumes_1_and_2 to None, run_after=None
[2026-08-12T04:43:06.657+0000] {logging_mixin.py:190} INFO - [2026-08-12T04:43:06.657+0000] {dag.py:4138} INFO - Setting next_dagrun for dataset_consumes_1_never_scheduled to None, run_after=None
[2026-08-12T04:43:06.659+0000] {logging_mixin.py:190} INFO - [2026-08-12T04:43:06.658+0000] {dag.py:4138} INFO - Setting next_dagrun for dataset_consumes_unknown_never_scheduled to None, run_after=None
[2026-08-12T04:43:06.661+0000] {logging_mixin.py:190} INFO - [2026-08-12T04:43:06.661+0000] {dag.py:4138} INFO - Setting next_dagrun for dataset_produces_1 to 2026-08-11 00:00:00+00:00, run_after=2026-08-12 00:00:00+00:00
[2026-08-12T04:43:06.663+0000] {logging_mixin.py:190} INFO - [2026-08-12T04:43:06.663+0000] {dag.py:4138} INFO - Setting next_dagrun for dataset_produces_2 to None, run_after=None
[2026-08-12T04:43:06.696+0000] {processor.py:208} INFO - Processing /home/airflow/.local/lib/python3.12/site-packages/airflow/example_dags/example_datasets.py took 0.266 seconds
[2026-08-12T04:43:37.072+0000] {processor.py:186} INFO - Started process (PID=1015) to work on /home/airflow/.local/lib/python3.12/site-packages/airflow/example_dags/example_datasets.py
[2026-08-12T04:43:37.074+0000] {processor.py:914} INFO - Processing file /home/airflow/.local/lib/python3.12/site-packages/airflow/example_dags/example_datasets.py for tasks to queue
[2026-08-12T04:43:37.088+0000] {logging_mixin.py:190} INFO - [2026-08-12T04:43:37.087+0000] {dagbag.py:587} INFO - Filling up the DagBag from /home/airflow/.local/lib/python3.12/site-packages/airflow/example_dags/example_datasets.py
[2026-08-12T04:43:37.268+0000] {processor.py:925} INFO - DAG(s) 'conditional_dataset_and_time_based_timetable', 'consume_1_or_both_2_and_3_with_dataset_expressions', 'dataset_produces_1', 'dataset_consumes_1', 'dataset_consumes_1_never_scheduled', 'consume_1_or_2_with_dataset_expressions', 'dataset_consumes_1_and_2', 'dataset_consumes_unknown_never_scheduled', 'dataset_produces_2', 'consume_1_and_2_with_dataset_expressions' retrieved from /home/airflow/.local/lib/python3.12/site-packages/airflow/example_dags/example_datasets.py
[2026-08-12T04:43:37.317+0000] {logging_mixin.py:190} INFO - [2026-08-12T04:43:37.317+0000] {dag.py:3211} INFO - Sync 10 DAGs
[2026-08-12T04:43:37.352+0000] {logging_mixin.py:190} INFO - [2026-08-12T04:43:37.352+0000] {dag.py:4138} INFO - Setting next_dagrun for conditional_dataset_and_time_based_timetable to 2026-08-12 01:00:00+00:00, run_after=2026-08-12 01:00:00+00:00
[2026-08-12T04:43:37.359+0000] {logging_mixin.py:190} INFO - [2026-08-12T04:43:37.358+0000] {dag.py:4138} INFO - Setting next_dagrun for consume_1_and_2_with_dataset_expressions to None, run_after=None
[2026-08-12T04:43:37.363+0000] {logging_mixin.py:190} INFO - [2026-08-12T04:43:37.362+0000] {dag.py:4138} INFO - Setting next_dagrun for consume_1_or_2_with_dataset_expressions to None, run_after=None
[2026-08-12T04:43:37.366+0000] {logging_mixin.py:190} INFO - [2026-08-12T04:43:37.366+0000] {dag.py:4138} INFO - Setting next_dagrun for consume_1_or_both_2_and_3_with_dataset_expressions to None, run_after=None
[2026-08-12T04:43:37.369+0000] {logging_mixin.py:190} INFO - [2026-08-12T04:43:37.369+0000] {dag.py:4138} INFO - Setting next_dagrun for dataset_consumes_1 to None, run_after=None
[2026-08-12T04:43:37.371+0000] {logging_mixin.py:190} INFO - [2026-08-12T04:43:37.371+0000] {dag.py:4138} INFO - Setting next_dagrun for dataset_consumes_1_and_2 to None, run_after=None
[2026-08-12T04:43:37.374+0000] {logging_mixin.py:190} INFO - [2026-08-12T04:43:37.374+0000] {dag.py:4138} INFO - Setting next_dagrun for dataset_consumes_1_never_scheduled to None, run_after=None
[2026-08-12T04:43:37.379+0000] {logging_mixin.py:190} INFO - [2026-08-12T04:43:37.378+0000] {dag.py:4138} INFO - Setting next_dagrun for dataset_consumes_unknown_never_scheduled to None, run_after=None
[2026-08-12T04:43:37.383+0000] {logging_mixin.py:190} INFO - [2026-08-12T04:43:37.383+0000] {dag.py:4138} INFO - Setting next_dagrun for dataset_produces_1 to 2026-08-11 00:00:00+00:00, run_after=2026-08-12 00:00:00+00:00
[2026-08-12T04:43:37.385+0000] {logging_mixin.py:190} INFO - [2026-08-12T04:43:37.385+0000] {dag.py:4138} INFO - Setting next_dagrun for dataset_produces_2 to None, run_after=None
[2026-08-12T04:43:37.438+0000] {processor.py:208} INFO - Processing /home/airflow/.local/lib/python3.12/site-packages/airflow/example_dags/example_datasets.py took 0.388 seconds
[2026-08-12T04:44:08.305+0000] {processor.py:186} INFO - Started process (PID=1077) to work on /home/airflow/.local/lib/python3.12/site-packages/airflow/example_dags/example_datasets.py
[2026-08-12T04:44:08.307+0000] {processor.py:914} INFO - Processing file /home/airflow/.local/lib/python3.12/site-packages/airflow/example_dags/example_datasets.py for tasks to queue
[2026-08-12T04:44:08.312+0000] {logging_mixin.py:190} INFO - [2026-08-12T04:44:08.310+0000] {dagbag.py:587} INFO - Filling up the DagBag from /home/airflow/.local/lib/python3.12/site-packages/airflow/example_dags/example_datasets.py
[2026-08-12T04:44:08.526+0000] {processor.py:925} INFO - DAG(s) 'dataset_consumes_1_never_scheduled', 'dataset_produces_1', 'consume_1_or_both_2_and_3_with_dataset_expressions', 'conditional_dataset_and_time_based_timetable', 'consume_1_and_2_with_dataset_expressions', 'dataset_consumes_unknown_never_scheduled', 'dataset_consumes_1_and_2', 'consume_1_or_2_with_dataset_expressions', 'dataset_produces_2', 'dataset_consumes_1' retrieved from /home/airflow/.local/lib/python3.12/site-packages/airflow/example_dags/example_datasets.py
[2026-08-12T04:44:08.599+0000] {logging_mixin.py:190} INFO - [2026-08-12T04:44:08.599+0000] {dag.py:3211} INFO - Sync 10 DAGs
[2026-08-12T04:44:08.632+0000] {logging_mixin.py:190} INFO - [2026-08-12T04:44:08.632+0000] {dag.py:4138} INFO - Setting next_dagrun for conditional_dataset_and_time_based_timetable to 2026-08-12 01:00:00+00:00, run_after=2026-08-12 01:00:00+00:00
[2026-08-12T04:44:08.638+0000] {logging_mixin.py:190} INFO - [2026-08-12T04:44:08.638+0000] {dag.py:4138} INFO - Setting next_dagrun for consume_1_and_2_with_dataset_expressions to None, run_after=None
[2026-08-12T04:44:08.641+0000] {logging_mixin.py:190} INFO - [2026-08-12T04:44:08.641+0000] {dag.py:4138} INFO - Setting next_dagrun for consume_1_or_2_with_dataset_expressions to None, run_after=None
[2026-08-12T04:44:08.645+0000] {logging_mixin.py:190} INFO - [2026-08-12T04:44:08.644+0000] {dag.py:4138} INFO - Setting next_dagrun for consume_1_or_both_2_and_3_with_dataset_expressions to None, run_after=None
[2026-08-12T04:44:08.647+0000] {logging_mixin.py:190} INFO - [2026-08-12T04:44:08.647+0000] {dag.py:4138} INFO - Setting next_dagrun for dataset_consumes_1 to None, run_after=None
[2026-08-12T04:44:08.649+0000] {logging_mixin.py:190} INFO - [2026-08-12T04:44:08.649+0000] {dag.py:4138} INFO - Setting next_dagrun for dataset_consumes_1_and_2 to None, run_after=None
[2026-08-12T04:44:08.651+0000] {logging_mixin.py:190} INFO - [2026-08-12T04:44:08.651+0000] {dag.py:4138} INFO - Setting next_dagrun for dataset_consumes_1_never_scheduled to None, run_after=None
[2026-08-12T04:44:08.653+0000] {logging_mixin.py:190} INFO - [2026-08-12T04:44:08.653+0000] {dag.py:4138} INFO - Setting next_dagrun for dataset_consumes_unknown_never_scheduled to None, run_after=None
[2026-08-12T04:44:08.657+0000] {logging_mixin.py:190} INFO - [2026-08-12T04:44:08.657+0000] {dag.py:4138} INFO - Setting next_dagrun for dataset_produces_1 to 2026-08-11 00:00:00+00:00, run_after=2026-08-12 00:00:00+00:00
[2026-08-12T04:44:08.660+0000] {logging_mixin.py:190} INFO - [2026-08-12T04:44:08.660+0000] {dag.py:4138} INFO - Setting next_dagrun for dataset_produces_2 to None, run_after=None
[2026-08-12T04:44:08.716+0000] {processor.py:208} INFO - Processing /home/airflow/.local/lib/python3.12/site-packages/airflow/example_dags/example_datasets.py took 0.422 seconds
[2026-08-12T04:44:39.139+0000] {processor.py:186} INFO - Started process (PID=1139) to work on /home/airflow/.local/lib/python3.12/site-packages/airflow/example_dags/example_datasets.py
[2026-08-12T04:44:39.143+0000] {processor.py:914} INFO - Processing file /home/airflow/.local/lib/python3.12/site-packages/airflow/example_dags/example_datasets.py for tasks to queue
[2026-08-12T04:44:39.150+0000] {logging_mixin.py:190} INFO - [2026-08-12T04:44:39.148+0000] {dagbag.py:587} INFO - Filling up the DagBag from /home/airflow/.local/lib/python3.12/site-packages/airflow/example_dags/example_datasets.py
[2026-08-12T04:44:39.425+0000] {processor.py:925} INFO - DAG(s) 'dataset_produces_2', 'consume_1_and_2_with_dataset_expressions', 'dataset_consumes_1_never_scheduled', 'dataset_consumes_unknown_never_scheduled', 'consume_1_or_both_2_and_3_with_dataset_expressions', 'dataset_consumes_1', 'conditional_dataset_and_time_based_timetable', 'consume_1_or_2_with_dataset_expressions', 'dataset_produces_1', 'dataset_consumes_1_and_2' retrieved from /home/airflow/.local/lib/python3.12/site-packages/airflow/example_dags/example_datasets.py
[2026-08-12T04:44:39.526+0000] {logging_mixin.py:190} INFO - [2026-08-12T04:44:39.525+0000] {dag.py:3211} INFO - Sync 10 DAGs
[2026-08-12T04:44:39.566+0000] {logging_mixin.py:190} INFO - [2026-08-12T04:44:39.566+0000] {dag.py:4138} INFO - Setting next_dagrun for conditional_dataset_and_time_based_timetable to 2026-08-12 01:00:00+00:00, run_after=2026-08-12 01:00:00+00:00
[2026-08-12T04:44:39.574+0000] {logging_mixin.py:190} INFO - [2026-08-12T04:44:39.574+0000] {dag.py:4138} INFO - Setting next_dagrun for consume_1_and_2_with_dataset_expressions to None, run_after=None
[2026-08-12T04:44:39.579+0000] {logging_mixin.py:190} INFO - [2026-08-12T04:44:39.579+0000] {dag.py:4138} INFO - Setting next_dagrun for consume_1_or_2_with_dataset_expressions to None, run_after=None
[2026-08-12T04:44:39.582+0000] {logging_mixin.py:190} INFO - [2026-08-12T04:44:39.582+0000] {dag.py:4138} INFO - Setting next_dagrun for consume_1_or_both_2_and_3_with_dataset_expressions to None, run_after=None
[2026-08-12T04:44:39.586+0000] {logging_mixin.py:190} INFO - [2026-08-12T04:44:39.585+0000] {dag.py:4138} INFO - Setting next_dagrun for dataset_consumes_1 to None, run_after=None
[2026-08-12T04:44:39.589+0000] {logging_mixin.py:190} INFO - [2026-08-12T04:44:39.589+0000] {dag.py:4138} INFO - Setting next_dagrun for dataset_consumes_1_and_2 to None, run_after=None
[2026-08-12T04:44:39.593+0000] {logging_mixin.py:190} INFO - [2026-08-12T04:44:39.592+0000] {dag.py:4138} INFO - Setting next_dagrun for dataset_consumes_1_never_scheduled to None, run_after=None
[2026-08-12T04:44:39.597+0000] {logging_mixin.py:190} INFO - [2026-08-12T04:44:39.597+0000] {dag.py:4138} INFO - Setting next_dagrun for dataset_consumes_unknown_never_scheduled to None, run_after=None
[2026-08-12T04:44:39.602+0000] {logging_mixin.py:190} INFO - [2026-08-12T04:44:39.601+0000] {dag.py:4138} INFO - Setting next_dagrun for dataset_produces_1 to 2026-08-11 00:00:00+00:00, run_after=2026-08-12 00:00:00+00:00
[2026-08-12T04:44:39.605+0000] {logging_mixin.py:190} INFO - [2026-08-12T04:44:39.605+0000] {dag.py:4138} INFO - Setting next_dagrun for dataset_produces_2 to None, run_after=None
[2026-08-12T04:44:39.646+0000] {processor.py:208} INFO - Processing /home/airflow/.local/lib/python3.12/site-packages/airflow/example_dags/example_datasets.py took 0.521 seconds
[2026-08-12T04:45:09.931+0000] {processor.py:186} INFO - Started process (PID=1202) to work on /home/airflow/.local/lib/python3.12/site-packages/airflow/example_dags/example_datasets.py
[2026-08-12T04:45:09.934+0000] {processor.py:914} INFO - Processing file /home/airflow/.local/lib/python3.12/site-packages/airflow/example_dags/example_datasets.py for tasks to queue
[2026-08-12T04:45:09.937+0000] {logging_mixin.py:190} INFO - [2026-08-12T04:45:09.937+0000] {dagbag.py:587} INFO - Filling up the DagBag from /home/airflow/.local/lib/python3.12/site-packages/airflow/example_dags/example_datasets.py
[2026-08-12T04:45:10.157+0000] {processor.py:925} INFO - DAG(s) 'dataset_produces_2', 'dataset_consumes_1_never_scheduled', 'dataset_consumes_1', 'dataset_consumes_1_and_2', 'consume_1_or_both_2_and_3_with_dataset_expressions', 'dataset_produces_1', 'consume_1_and_2_with_dataset_expressions', 'conditional_dataset_and_time_based_timetable', 'dataset_consumes_unknown_never_scheduled', 'consume_1_or_2_with_dataset_expressions' retrieved from /home/airflow/.local/lib/python3.12/site-packages/airflow/example_dags/example_datasets.py
[2026-08-12T04:45:10.249+0000] {logging_mixin.py:190} INFO - [2026-08-12T04:45:10.248+0000] {dag.py:3211} INFO - Sync 10 DAGs
[2026-08-12T04:45:10.284+0000] {logging_mixin.py:190} INFO - [2026-08-12T04:45:10.284+0000] {dag.py:4138} INFO - Setting next_dagrun for conditional_dataset_and_time_based_timetable to 2026-08-12 01:00:00+00:00, run_after=2026-08-12 01:00:00+00:00
[2026-08-12T04:45:10.292+0000] {logging_mixin.py:190} INFO - [2026-08-12T04:45:10.292+0000] {dag.py:4138} INFO - Setting next_dagrun for consume_1_and_2_with_dataset_expressions to None, run_after=None
[2026-08-12T04:45:10.295+0000] {logging_mixin.py:190} INFO - [2026-08-12T04:45:10.295+0000] {dag.py:4138} INFO - Setting next_dagrun for consume_1_or_2_with_dataset_expressions to None, run_after=None
[2026-08-12T04:45:10.299+0000] {logging_mixin.py:190} INFO - [2026-08-12T04:45:10.298+0000] {dag.py:4138} INFO - Setting next_dagrun for consume_1_or_both_2_and_3_with_dataset_expressions to None, run_after=None
[2026-08-12T04:45:10.305+0000] {logging_mixin.py:190} INFO - [2026-08-12T04:45:10.304+0000] {dag.py:4138} INFO - Setting next_dagrun for dataset_consumes_1 to None, run_after=None
[2026-08-12T04:45:10.308+0000] {logging_mixin.py:190} INFO - [2026-08-12T04:45:10.307+0000] {dag.py:4138} INFO - Setting next_dagrun for dataset_consumes_1_and_2 to None, run_after=None
[2026-08-12T04:45:10.312+0000] {logging_mixin.py:190} INFO - [2026-08-12T04:45:10.311+0000] {dag.py:4138} INFO - Setting next_dagrun for dataset_consumes_1_never_scheduled to None, run_after=None
[2026-08-12T04:45:10.315+0000] {logging_mixin.py:190} INFO - [2026-08-12T04:45:10.315+0000] {dag.py:4138} INFO - Setting next_dagrun for dataset_consumes_unknown_never_scheduled to None, run_after=None
[2026-08-12T04:45:10.321+0000] {logging_mixin.py:190} INFO - [2026-08-12T04:45:10.321+0000] {dag.py:4138} INFO - Setting next_dagrun for dataset_produces_1 to 2026-08-11 00:00:00+00:00, run_after=2026-08-12 00:00:00+00:00
[2026-08-12T04:45:10.325+0000] {logging_mixin.py:190} INFO - [2026-08-12T04:45:10.325+0000] {dag.py:4138} INFO - Setting next_dagrun for dataset_produces_2 to None, run_after=None
[2026-08-12T04:45:10.413+0000] {processor.py:208} INFO - Processing /home/airflow/.local/lib/python3.12/site-packages/airflow/example_dags/example_datasets.py took 0.491 seconds
[2026-08-12T04:45:41.279+0000] {processor.py:186} INFO - Started process (PID=1264) to work on /home/airflow/.local/lib/python3.12/site-packages/airflow/example_dags/example_datasets.py
[2026-08-12T04:45:41.281+0000] {processor.py:914} INFO - Processing file /home/airflow/.local/lib/python3.12/site-packages/airflow/example_dags/example_datasets.py for tasks to queue
[2026-08-12T04:45:41.285+0000] {logging_mixin.py:190} INFO - [2026-08-12T04:45:41.285+0000] {dagbag.py:587} INFO - Filling up the DagBag from /home/airflow/.local/lib/python3.12/site-packages/airflow/example_dags/example_datasets.py
[2026-08-12T04:45:41.481+0000] {processor.py:925} INFO - DAG(s) 'dataset_consumes_1_and_2', 'conditional_dataset_and_time_based_timetable', 'consume_1_or_2_with_dataset_expressions', 'consume_1_or_both_2_and_3_with_dataset_expressions', 'dataset_consumes_unknown_never_scheduled', 'consume_1_and_2_with_dataset_expressions', 'dataset_consumes_1_never_scheduled', 'dataset_produces_1', 'dataset_consumes_1', 'dataset_produces_2' retrieved from /home/airflow/.local/lib/python3.12/site-packages/airflow/example_dags/example_datasets.py
[2026-08-12T04:45:41.551+0000] {logging_mixin.py:190} INFO - [2026-08-12T04:45:41.551+0000] {dag.py:3211} INFO - Sync 10 DAGs
[2026-08-12T04:45:41.601+0000] {logging_mixin.py:190} INFO - [2026-08-12T04:45:41.600+0000] {dag.py:4138} INFO - Setting next_dagrun for conditional_dataset_and_time_based_timetable to 2026-08-12 01:00:00+00:00, run_after=2026-08-12 01:00:00+00:00
[2026-08-12T04:45:41.609+0000] {logging_mixin.py:190} INFO - [2026-08-12T04:45:41.608+0000] {dag.py:4138} INFO - Setting next_dagrun for consume_1_and_2_with_dataset_expressions to None, run_after=None
[2026-08-12T04:45:41.613+0000] {logging_mixin.py:190} INFO - [2026-08-12T04:45:41.613+0000] {dag.py:4138} INFO - Setting next_dagrun for consume_1_or_2_with_dataset_expressions to None, run_after=None
[2026-08-12T04:45:41.616+0000] {logging_mixin.py:190} INFO - [2026-08-12T04:45:41.616+0000] {dag.py:4138} INFO - Setting next_dagrun for consume_1_or_both_2_and_3_with_dataset_expressions to None, run_after=None
[2026-08-12T04:45:41.619+0000] {logging_mixin.py:190} INFO - [2026-08-12T04:45:41.618+0000] {dag.py:4138} INFO - Setting next_dagrun for dataset_consumes_1 to None, run_after=None
[2026-08-12T04:45:41.623+0000] {logging_mixin.py:190} INFO - [2026-08-12T04:45:41.623+0000] {dag.py:4138} INFO - Setting next_dagrun for dataset_consumes_1_and_2 to None, run_after=None
[2026-08-12T04:45:41.628+0000] {logging_mixin.py:190} INFO - [2026-08-12T04:45:41.628+0000] {dag.py:4138} INFO - Setting next_dagrun for dataset_consumes_1_never_scheduled to None, run_after=None
[2026-08-12T04:45:41.633+0000] {logging_mixin.py:190} INFO - [2026-08-12T04:45:41.632+0000] {dag.py:4138} INFO - Setting next_dagrun for dataset_consumes_unknown_never_scheduled to None, run_after=None
[2026-08-12T04:45:41.636+0000] {logging_mixin.py:190} INFO - [2026-08-12T04:45:41.636+0000] {dag.py:4138} INFO - Setting next_dagrun for dataset_produces_1 to 2026-08-11 00:00:00+00:00, run_after=2026-08-12 00:00:00+00:00
[2026-08-12T04:45:41.639+0000] {logging_mixin.py:190} INFO - [2026-08-12T04:45:41.639+0000] {dag.py:4138} INFO - Setting next_dagrun for dataset_produces_2 to None, run_after=None
[2026-08-12T04:45:41.706+0000] {processor.py:208} INFO - Processing /home/airflow/.local/lib/python3.12/site-packages/airflow/example_dags/example_datasets.py took 0.439 seconds
[2026-08-12T04:46:11.822+0000] {processor.py:186} INFO - Started process (PID=1327) to work on /home/airflow/.local/lib/python3.12/site-packages/airflow/example_dags/example_datasets.py
[2026-08-12T04:46:11.824+0000] {processor.py:914} INFO - Processing file /home/airflow/.local/lib/python3.12/site-packages/airflow/example_dags/example_datasets.py for tasks to queue
[2026-08-12T04:46:11.828+0000] {logging_mixin.py:190} INFO - [2026-08-12T04:46:11.827+0000] {dagbag.py:587} INFO - Filling up the DagBag from /home/airflow/.local/lib/python3.12/site-packages/airflow/example_dags/example_datasets.py
[2026-08-12T04:46:12.021+0000] {processor.py:925} INFO - DAG(s) 'consume_1_or_both_2_and_3_with_dataset_expressions', 'dataset_produces_1', 'dataset_produces_2', 'conditional_dataset_and_time_based_timetable', 'dataset_consumes_1_and_2', 'dataset_consumes_1_never_scheduled', 'consume_1_and_2_with_dataset_expressions', 'dataset_consumes_1', 'consume_1_or_2_with_dataset_expressions', 'dataset_consumes_unknown_never_scheduled' retrieved from /home/airflow/.local/lib/python3.12/site-packages/airflow/example_dags/example_datasets.py
[2026-08-12T04:46:12.072+0000] {logging_mixin.py:190} INFO - [2026-08-12T04:46:12.072+0000] {dag.py:3211} INFO - Sync 10 DAGs
[2026-08-12T04:46:12.102+0000] {logging_mixin.py:190} INFO - [2026-08-12T04:46:12.101+0000] {dag.py:4138} INFO - Setting next_dagrun for conditional_dataset_and_time_based_timetable to 2026-08-12 01:00:00+00:00, run_after=2026-08-12 01:00:00+00:00
[2026-08-12T04:46:12.106+0000] {logging_mixin.py:190} INFO - [2026-08-12T04:46:12.106+0000] {dag.py:4138} INFO - Setting next_dagrun for consume_1_and_2_with_dataset_expressions to None, run_after=None
[2026-08-12T04:46:12.110+0000] {logging_mixin.py:190} INFO - [2026-08-12T04:46:12.109+0000] {dag.py:4138} INFO - Setting next_dagrun for consume_1_or_2_with_dataset_expressions to None, run_after=None
[2026-08-12T04:46:12.114+0000] {logging_mixin.py:190} INFO - [2026-08-12T04:46:12.114+0000] {dag.py:4138} INFO - Setting next_dagrun for consume_1_or_both_2_and_3_with_dataset_expressions to None, run_after=None
[2026-08-12T04:46:12.119+0000] {logging_mixin.py:190} INFO - [2026-08-12T04:46:12.118+0000] {dag.py:4138} INFO - Setting next_dagrun for dataset_consumes_1 to None, run_after=None
[2026-08-12T04:46:12.122+0000] {logging_mixin.py:190} INFO - [2026-08-12T04:46:12.122+0000] {dag.py:4138} INFO - Setting next_dagrun for dataset_consumes_1_and_2 to None, run_after=None
[2026-08-12T04:46:12.126+0000] {logging_mixin.py:190} INFO - [2026-08-12T04:46:12.126+0000] {dag.py:4138} INFO - Setting next_dagrun for dataset_consumes_1_never_scheduled to None, run_after=None
[2026-08-12T04:46:12.129+0000] {logging_mixin.py:190} INFO - [2026-08-12T04:46:12.129+0000] {dag.py:4138} INFO - Setting next_dagrun for dataset_consumes_unknown_never_scheduled to None, run_after=None
[2026-08-12T04:46:12.132+0000] {logging_mixin.py:190} INFO - [2026-08-12T04:46:12.132+0000] {dag.py:4138} INFO - Setting next_dagrun for dataset_produces_1 to 2026-08-11 00:00:00+00:00, run_after=2026-08-12 00:00:00+00:00
[2026-08-12T04:46:12.136+0000] {logging_mixin.py:190} INFO - [2026-08-12T04:46:12.136+0000] {dag.py:4138} INFO - Setting next_dagrun for dataset_produces_2 to None, run_after=None
[2026-08-12T04:46:12.186+0000] {processor.py:208} INFO - Processing /home/airflow/.local/lib/python3.12/site-packages/airflow/example_dags/example_datasets.py took 0.373 seconds
[2026-08-12T04:46:42.274+0000] {processor.py:186} INFO - Started process (PID=1394) to work on /home/airflow/.local/lib/python3.12/site-packages/airflow/example_dags/example_datasets.py
[2026-08-12T04:46:42.276+0000] {processor.py:914} INFO - Processing file /home/airflow/.local/lib/python3.12/site-packages/airflow/example_dags/example_datasets.py for tasks to queue
[2026-08-12T04:46:42.281+0000] {logging_mixin.py:190} INFO - [2026-08-12T04:46:42.280+0000] {dagbag.py:587} INFO - Filling up the DagBag from /home/airflow/.local/lib/python3.12/site-packages/airflow/example_dags/example_datasets.py
[2026-08-12T04:46:42.486+0000] {processor.py:925} INFO - DAG(s) 'dataset_produces_2', 'conditional_dataset_and_time_based_timetable', 'dataset_produces_1', 'dataset_consumes_1', 'dataset_consumes_1_and_2', 'consume_1_or_both_2_and_3_with_dataset_expressions', 'consume_1_or_2_with_dataset_expressions', 'consume_1_and_2_with_dataset_expressions', 'dataset_consumes_1_never_scheduled', 'dataset_consumes_unknown_never_scheduled' retrieved from /home/airflow/.local/lib/python3.12/site-packages/airflow/example_dags/example_datasets.py
[2026-08-12T04:46:42.536+0000] {logging_mixin.py:190} INFO - [2026-08-12T04:46:42.536+0000] {dag.py:3211} INFO - Sync 10 DAGs
[2026-08-12T04:46:42.565+0000] {logging_mixin.py:190} INFO - [2026-08-12T04:46:42.565+0000] {dag.py:4138} INFO - Setting next_dagrun for conditional_dataset_and_time_based_timetable to 2026-08-12 01:00:00+00:00, run_after=2026-08-12 01:00:00+00:00
[2026-08-12T04:46:42.570+0000] {logging_mixin.py:190} INFO - [2026-08-12T04:46:42.570+0000] {dag.py:4138} INFO - Setting next_dagrun for consume_1_and_2_with_dataset_expressions to None, run_after=None
[2026-08-12T04:46:42.573+0000] {logging_mixin.py:190} INFO - [2026-08-12T04:46:42.572+0000] {dag.py:4138} INFO - Setting next_dagrun for consume_1_or_2_with_dataset_expressions to None, run_after=None
[2026-08-12T04:46:42.575+0000] {logging_mixin.py:190} INFO - [2026-08-12T04:46:42.574+0000] {dag.py:4138} INFO - Setting next_dagrun for consume_1_or_both_2_and_3_with_dataset_expressions to None, run_after=None
[2026-08-12T04:46:42.577+0000] {logging_mixin.py:190} INFO - [2026-08-12T04:46:42.576+0000] {dag.py:4138} INFO - Setting next_dagrun for dataset_consumes_1 to None, run_after=None
[2026-08-12T04:46:42.579+0000] {logging_mixin.py:190} INFO - [2026-08-12T04:46:42.578+0000] {dag.py:4138} INFO - Setting next_dagrun for dataset_consumes_1_and_2 to None, run_after=None
[2026-08-12T04:46:42.581+0000] {logging_mixin.py:190} INFO - [2026-08-12T04:46:42.580+0000] {dag.py:4138} INFO - Setting next_dagrun for dataset_consumes_1_never_scheduled to None, run_after=None
[2026-08-12T04:46:42.583+0000] {logging_mixin.py:190} INFO - [2026-08-12T04:46:42.582+0000] {dag.py:4138} INFO - Setting next_dagrun for dataset_consumes_unknown_never_scheduled to None, run_after=None
[2026-08-12T04:46:42.585+0000] {logging_mixin.py:190} INFO - [2026-08-12T04:46:42.585+0000] {dag.py:4138} INFO - Setting next_dagrun for dataset_produces_1 to 2026-08-11 00:00:00+00:00, run_after=2026-08-12 00:00:00+00:00
[2026-08-12T04:46:42.587+0000] {logging_mixin.py:190} INFO - [2026-08-12T04:46:42.587+0000] {dag.py:4138} INFO - Setting next_dagrun for dataset_produces_2 to None, run_after=None
[2026-08-12T04:46:42.621+0000] {processor.py:208} INFO - Processing /home/airflow/.local/lib/python3.12/site-packages/airflow/example_dags/example_datasets.py took 0.356 seconds
[2026-08-12T04:47:12.935+0000] {processor.py:186} INFO - Started process (PID=1456) to work on /home/airflow/.local/lib/python3.12/site-packages/airflow/example_dags/example_datasets.py
[2026-08-12T04:47:12.937+0000] {processor.py:914} INFO - Processing file /home/airflow/.local/lib/python3.12/site-packages/airflow/example_dags/example_datasets.py for tasks to queue
[2026-08-12T04:47:12.941+0000] {logging_mixin.py:190} INFO - [2026-08-12T04:47:12.941+0000] {dagbag.py:587} INFO - Filling up the DagBag from /home/airflow/.local/lib/python3.12/site-packages/airflow/example_dags/example_datasets.py
[2026-08-12T04:47:13.167+0000] {processor.py:925} INFO - DAG(s) 'dataset_produces_1', 'dataset_consumes_1', 'consume_1_and_2_with_dataset_expressions', 'consume_1_or_2_with_dataset_expressions', 'conditional_dataset_and_time_based_timetable', 'dataset_consumes_unknown_never_scheduled', 'dataset_consumes_1_and_2', 'consume_1_or_both_2_and_3_with_dataset_expressions', 'dataset_consumes_1_never_scheduled', 'dataset_produces_2' retrieved from /home/airflow/.local/lib/python3.12/site-packages/airflow/example_dags/example_datasets.py
[2026-08-12T04:47:13.237+0000] {logging_mixin.py:190} INFO - [2026-08-12T04:47:13.236+0000] {dag.py:3211} INFO - Sync 10 DAGs
[2026-08-12T04:47:13.278+0000] {logging_mixin.py:190} INFO - [2026-08-12T04:47:13.278+0000] {dag.py:4138} INFO - Setting next_dagrun for conditional_dataset_and_time_based_timetable to 2026-08-12 01:00:00+00:00, run_after=2026-08-12 01:00:00+00:00
[2026-08-12T04:47:13.284+0000] {logging_mixin.py:190} INFO - [2026-08-12T04:47:13.284+0000] {dag.py:4138} INFO - Setting next_dagrun for consume_1_and_2_with_dataset_expressions to None, run_after=None
[2026-08-12T04:47:13.286+0000] {logging_mixin.py:190} INFO - [2026-08-12T04:47:13.286+0000] {dag.py:4138} INFO - Setting next_dagrun for consume_1_or_2_with_dataset_expressions to None, run_after=None
[2026-08-12T04:47:13.289+0000] {logging_mixin.py:190} INFO - [2026-08-12T04:47:13.289+0000] {dag.py:4138} INFO - Setting next_dagrun for consume_1_or_both_2_and_3_with_dataset_expressions to None, run_after=None
[2026-08-12T04:47:13.291+0000] {logging_mixin.py:190} INFO - [2026-08-12T04:47:13.291+0000] {dag.py:4138} INFO - Setting next_dagrun for dataset_consumes_1 to None, run_after=None
[2026-08-12T04:47:13.293+0000] {logging_mixin.py:190} INFO - [2026-08-12T04:47:13.292+0000] {dag.py:4138} INFO - Setting next_dagrun for dataset_consumes_1_and_2 to None, run_after=None
[2026-08-12T04:47:13.294+0000] {logging_mixin.py:190} INFO - [2026-08-12T04:47:13.294+0000] {dag.py:4138} INFO - Setting next_dagrun for dataset_consumes_1_never_scheduled to None, run_after=None
[2026-08-12T04:47:13.297+0000] {logging_mixin.py:190} INFO - [2026-08-12T04:47:13.297+0000] {dag.py:4138} INFO - Setting next_dagrun for dataset_consumes_unknown_never_scheduled to None, run_after=None
[2026-08-12T04:47:13.301+0000] {logging_mixin.py:190} INFO - [2026-08-12T04:47:13.300+0000] {dag.py:4138} INFO - Setting next_dagrun for dataset_produces_1 to 2026-08-11 00:00:00+00:00, run_after=2026-08-12 00:00:00+00:00
[2026-08-12T04:47:13.303+0000] {logging_mixin.py:190} INFO - [2026-08-12T04:47:13.303+0000] {dag.py:4138} INFO - Setting next_dagrun for dataset_produces_2 to None, run_after=None
[2026-08-12T04:47:13.340+0000] {processor.py:208} INFO - Processing /home/airflow/.local/lib/python3.12/site-packages/airflow/example_dags/example_datasets.py took 0.417 seconds
